Zone,BBSR_type
1,20
2,10
3,10
4,20
5,30
6,30
7,40
8,30
9,40
10,30
11,40
12,40
13,30
14,40
15,40
16,40
17,30
18,40
19,30
20,40
21,40
22,30
23,40
24,40
25,40
26,40
27,30
28,30
29,40
30,40
31,40
32,30
33,40
34,40
35,40
36,40
37,30
38,40
39,20
40,40
41,30
42,40
43,40
44,40
45,40
46,40
47,40
48,40
49,30
50,30
51,40
52,40
53,40
54,30
55,30
56,40
57,40
58,40
59,40
60,40
61,40
62,30
63,30
64,30
65,40
66,30
67,30
68,30
69,40
70,40
71,40
72,40
73,30
74,40
75,30
76,30
77,40
78,40
79,40
80,30
81,40
82,40
83,40
84,40
85,30
86,30
87,40
88,40
89,30
90,30
91,40
92,40
93,40
94,40
95,40
96,40
97,40
98,40
99,30
100,30
101,40
102,40
103,40
104,40
105,30
106,40
107,40
108,40
109,40
110,40
111,40
112,40
113,30
114,30
115,40
116,30
117,30
118,40
119,40
120,40
121,40
122,40
123,40
124,40
125,40
126,40
127,40
128,40
129,40
130,30
131,40
132,40
133,40
134,40
135,30
136,40
137,40
138,40
139,40
140,30
141,40
142,40
143,40
144,40
145,40
146,40
147,40
148,40
149,30
150,40
151,40
152,20
153,40
154,40
155,30
156,40
157,40
158,40
159,40
160,40
161,40
162,40
163,40
164,40
165,40
166,30
167,40
168,30
169,40
170,40
171,40
172,40
173,40
174,40
175,40
176,40
177,40
178,40
179,40
180,40
181,40
182,30
183,40
184,40
185,40
186,40
187,40
188,40
189,40
190,40
191,40
192,40
193,40
194,40
195,40
196,40
197,30
198,40
199,40
200,30
201,40
202,40
203,40
204,40
205,40
206,40
207,30
208,40
209,30
210,40
211,40
212,40
213,40
214,40
215,40
216,40
217,30
218,40
219,40
220,40
221,30
222,40
223,40
224,40
225,40
226,40
227,40
228,40
229,40
230,40
231,30
232,30
233,40
234,40
235,30
236,40
237,40
238,40
239,40
240,40
241,40
242,30
243,40
244,40
245,30
246,40
247,40
248,30
249,40
250,40
251,40
252,40
253,30
254,30
255,40
256,40
257,40
258,30
259,40
260,30
261,30
262,40
263,30
264,40
265,30
266,40
267,30
268,30
269,30
270,30
271,30
272,30
273,40
274,30
275,40
276,40
277,30
278,40
279,40
280,30
281,40
282,40
283,30
284,30
285,40
286,40
287,40
288,40
289,40
290,30
291,40
292,30
293,40
294,40
295,40
296,30
297,20
298,40
299,30
300,40
301,30
302,40
303,30
304,30
305,40
306,30
307,40
308,30
309,40
310,30
311,30
312,30
313,40
314,40
315,30
316,40
317,40
318,40
319,30
320,40
321,30
322,40
323,40
324,40
325,40
326,30
327,40
328,40
329,40
330,40
331,40
332,40
333,40
334,40
335,40
336,40
337,40
338,40
339,40
340,30
341,30
342,40
343,40
344,40
345,40
346,40
347,30
348,40
349,30
350,30
351,30
352,30
353,40
354,40
355,30
356,40
357,40
358,40
359,30
360,30
361,40
362,40
363,30
364,40
365,40
366,40
367,30
368,40
369,40
370,40
371,40
372,30
373,40
374,40
375,40
376,40
377,40
378,40
379,40
380,40
381,40
382,30
383,30
384,30
385,30
386,30
387,40
388,30
389,30
390,40
391,40
392,30
393,30
394,40
395,40
396,30
397,40
398,40
399,30
400,30
401,40
402,30
403,40
404,40
405,30
406,30
407,30
408,40
409,30
410,30
411,30
412,30
413,40
414,40
415,40
416,30
417,30
418,30
419,40
420,30
421,30
422,40
423,30
424,40
425,40
426,40
427,40
428,40
429,40
430,40
431,40
432,40
433,40
434,20
435,40
436,40
437,30
438,40
439,40
440,40
441,40
442,40
443,40
444,30
445,40
446,40
447,40
448,40
449,40
450,40
451,40
452,40
453,40
454,40
455,40
456,40
457,40
458,20
459,40
460,20
461,40
462,30
463,30
464,40
465,40
466,40
467,30
468,30
469,20
470,40
471,40
472,40
473,30
474,30
475,40
476,30
477,30
478,40
479,40
480,40
481,40
482,30
483,30
484,40
485,40
486,40
487,30
488,30
489,30
490,40
491,40
492,40
493,30
494,30
495,30
496,30
497,30
498,30
499,40
500,40
501,40
502,30
503,30
504,40
505,30
506,30
507,30
508,30
509,40
510,30
511,40
512,40
513,40
514,40
515,30
516,30
517,40
518,30
519,40
520,40
521,40
522,30
523,30
524,30
525,40
526,40
527,30
528,30
529,30
530,40
531,40
532,40
533,40
534,40
535,40
536,40
537,40
538,30
539,30
540,30
541,40
542,30
543,30
544,40
545,30
546,30
547,40
548,40
549,40
550,40
551,30
552,30
553,40
554,40
555,30
556,40
557,30
558,40
559,30
560,30
561,40
562,30
563,40
564,30
565,40
566,30
567,30
568,30
569,30
570,30
571,30
572,30
573,30
574,30
575,40
576,30
577,30
578,30
579,40
580,40
581,40
582,30
583,40
584,30
585,30
586,40
587,40
588,40
589,30
590,40
591,40
592,40
593,20
594,30
595,30
596,30
597,40
598,30
599,30
600,40
601,30
602,40
603,30
604,30
605,40
606,40
607,40
608,30
609,30
610,30
611,30
612,30
613,30
614,30
615,40
616,40
617,30
618,40
619,40
620,30
621,30
622,30
623,30
624,30
625,30
626,30
627,40
628,40
629,40
630,40
631,40
632,40
633,30
634,30
635,40
636,40
637,40
638,40
639,30
640,30
641,40
642,30
643,30
644,40
645,30
646,40
647,30
648,30
649,40
650,30
651,40
652,30
653,30
654,30
655,30
656,30
657,30
658,40
659,30
660,30
661,30
662,40
663,30
664,30
665,30
666,30
667,30
668,30
669,40
670,30
671,30
672,40
673,40
674,30
675,40
676,40
677,30
678,30
679,30
680,30
681,20
682,30
683,40
684,30
685,30
686,30
687,30
688,30
689,30
690,30
691,30
692,30
693,30
694,30
695,40
696,30
697,40
698,30
699,40
700,30
701,30
702,40
703,30
704,30
705,30
706,30
707,40
708,30
709,30
710,30
711,40
712,30
713,30
714,40
715,30
716,40
717,30
718,40
719,40
720,40
721,30
722,40
723,30
724,40
725,40
726,30
727,40
728,40
729,40
730,40
731,40
732,40
733,40
734,30
735,40
736,40
737,40
738,30
739,40
740,40
741,40
742,40
743,30
744,40
745,40
746,40
747,40
748,40
749,40
750,40
751,30
752,40
753,40
754,30
755,30
756,30
757,40
758,40
759,40
760,30
761,40
762,40
763,40
764,30
765,40
766,40
767,40
768,40
769,40
770,40
771,40
772,40
773,40
774,20
775,30
776,40
777,40
778,40
779,40
780,40
781,40
782,40
783,40
784,30
785,40
786,30
787,30
788,40
789,40
790,40
791,40
792,40
793,30
794,40
795,40
796,40
797,40
798,40
799,40
800,40
801,40
802,40
803,40
804,30
805,40
806,40
807,40
808,30
809,40
810,40
811,40
812,40
813,40
814,40
815,40
816,40
817,40
818,40
819,40
820,40
821,40
822,40
823,40
824,40
825,40
826,40
827,40
828,40
829,40
830,40
831,40
832,40
833,40
834,40
835,40
836,30
837,30
838,40
839,40
840,40
841,40
842,40
843,40
844,40
845,30
846,40
847,40
848,40
849,40
850,40
851,40
852,40
853,30
854,30
855,40
856,40
857,30
858,30
859,40
860,40
861,40
862,40
863,40
864,30
865,30
866,40
867,40
868,30
869,30
870,40
871,30
872,40
873,40
874,40
875,40
876,40
877,40
878,30
879,40
880,30
881,40
882,40
883,40
884,40
885,40
886,40
887,40
888,40
889,30
890,20
891,40
892,40
893,40
894,30
895,20
896,40
897,30
898,40
899,40
900,40
901,40
902,40
903,30
904,40
905,40
906,40
907,40
908,30
909,40
910,40
911,40
912,40
913,20
914,40
915,30
916,40
917,40
918,30
919,40
920,40
921,40
922,30
923,40
924,40
925,40
926,30
927,40
928,40
929,30
930,40
931,40
932,40
933,30
934,30
935,30
936,40
937,30
938,40
939,40
940,30
941,40
942,40
943,40
944,40
945,40
946,40
947,40
948,40
949,40
950,40
951,40
952,40
953,30
954,40
955,40
956,40
957,40
958,40
959,40
960,30
961,40
962,40
963,30
964,40
965,40
966,40
967,30
968,40
969,40
970,40
971,40
972,40
973,40
974,40
975,30
976,30
977,30
978,40
979,40
980,40
981,40
982,40
983,30
984,30
985,30
986,40
987,40
988,30
989,30
990,40
991,30
992,40
993,20
994,40
995,40
996,30
997,30
998,40
999,40
1000,30
1001,40
1002,40
1003,40
1004,40
1005,40
1006,40
1007,40
1008,40
1009,40
1010,30
1011,40
1012,40
1013,40
1014,40
1015,40
1016,30
1017,40
1018,40
1019,30
1020,40
1021,40
1022,40
1023,40
1024,30
1025,40
1026,40
1027,40
1028,40
1029,40
1030,30
1031,40
1032,30
1033,30
1034,40
1035,40
1036,30
1037,40
1038,30
1039,40
1040,40
1041,40
1042,40
1043,30
1044,40
1045,30
1046,40
1047,40
1048,40
1049,40
1050,40
1051,40
1052,40
1053,30
1054,30
1055,40
1056,40
1057,40
1058,30
1059,30
1060,30
1061,40
1062,20
1063,40
1064,20
1065,40
1066,30
1067,40
1068,30
1069,40
1070,40
1071,40
1072,30
1073,40
1074,30
1075,30
1076,30
1077,30
1078,40
1079,30
1080,40
1081,40
1082,40
1083,30
1084,40
1085,40
1086,40
1087,30
1088,30
1089,40
1090,40
1091,40
1092,40
1093,30
1094,40
1095,30
1096,40
1097,20
1098,30
1099,40
1100,40
1101,40
1102,40
1103,30
1104,40
1105,40
1106,30
1107,40
1108,30
1109,40
1110,40
1111,40
1112,30
1113,40
1114,40
1115,40
1116,40
1117,10
1118,10
1119,10
1120,10
1121,10
1122,10
1123,10
1124,40
1125,40
1126,40
1127,40
1128,40
1129,40
1130,40
1131,40
1132,40
1133,40
1134,40
1135,40
1136,40
1137,40
1138,40
1139,40
1140,40
1141,40
1142,40
1143,40
1144,40
1145,40
1146,40
1147,40
1148,40
1149,40
1150,40
1151,40
1152,40
1153,40
1154,40
1155,40
1156,40
1157,40
1158,40
1159,40
1160,40
1161,40
1162,40
1163,40
1164,40
1165,40
1166,40
1167,40
1168,40
1169,40
1170,40
1171,40
1172,40
1173,40
1174,40
1175,40
1176,40
1177,40
1178,40
1179,40
1180,40
1181,40
1182,40
1183,40
1184,40
1185,40
1186,40
1187,40
1188,40
1189,40
1190,40
1191,40
1192,40
1193,40
1194,40
1195,40
1196,40
1197,40
1198,40
1199,40
1200,40
1201,40
1202,40
1203,40
1204,40
1205,40
1206,40
1207,40
1208,40
1209,40
1210,40
1211,40
1212,40
1213,40
1214,40
1215,40
1216,40
1217,40
1218,40
1219,40
1220,40
1221,40
1222,40
1223,40
1224,40
1225,40
1226,40
1227,40
1228,40
1229,40
1230,40
1231,40
1232,40
1233,40
1234,40
1235,40
1236,40
1237,40
1238,40
1239,40
1240,40
1241,40
1242,40
1243,40
1244,40
1245,40
1246,40
1247,40
1248,40
1249,40
1250,40
1251,40
1252,40
1253,40
1254,40
1255,40
1256,40
1257,40
1258,40
1259,40
1260,40
1261,40
1262,40
1263,40
1264,40
1265,40
1266,40
1267,40
1268,40
1269,40
1270,40
1271,40
1272,40
1273,40
1274,40
1275,40
1276,40
1277,40
1278,40
1279,40
1280,40
1281,40
1282,40
1283,40
1284,40
1285,40
1286,40
1287,40
1288,40
1289,40
1290,40
1291,40
1292,40
1293,40
1294,40
1295,40
1296,40
1297,40
1298,40
1299,40
1300,40
1301,40
1302,40
1303,40
1304,40
1305,40
1306,40
1307,40
1308,40
1309,40
1310,40
1311,10
1312,10
1313,10
1314,10
1315,10
1316,10
1317,10
1318,10
1319,10
1320,10
1321,10
1322,10
1323,10
1324,40
1325,40
1326,40
1327,40
1328,40
1329,40
1330,40
1331,40
1332,40
1333,40
1334,40
1335,40
1336,40
1337,40
1338,40
1339,40
1340,40
1341,40
1342,40
1343,40
1344,40
1345,40
1346,40
1347,40
1348,40
1349,40
1350,40
1351,40
1352,40
1353,40
1354,40
1355,40
1356,40
1357,40
1358,40
1359,40
1360,40
1361,40
1362,40
1363,40
1364,40
1365,40
1366,40
1367,40
1368,40
1369,40
1370,40
1371,40
1372,40
1373,40
1374,40
1375,40
1376,40
1377,40
1378,40
1379,40
1380,40
1381,40
1382,40
1383,40
1384,40
1385,40
1386,40
1387,40
1388,40
1389,40
1390,40
1391,40
1392,40
1393,40
1394,40
1395,40
1396,40
1397,40
1398,40
1399,40
1400,40
1401,40
1402,40
1403,40
1404,40
1405,40
1406,40
1407,40
1408,40
1409,40
1410,40
1411,40
1412,40
1413,40
1414,40
1415,40
1416,40
1417,40
1418,40
1419,40
1420,40
1421,40
1422,40
1423,40
1424,40
1425,40
1426,40
1427,40
1428,40
1429,40
1430,40
1431,40
1432,40
1433,40
1434,40
1435,40
1436,40
1437,40
1438,40
1439,40
1440,40
1441,40
1442,40
1443,40
1444,40
1445,40
1446,40
1447,40
1448,40
1449,40
1450,40
1451,40
1452,40
1453,40
1454,40
1455,40
1456,40
1457,40
1458,40
1459,40
1460,40
1461,40
1462,40
1463,40
1464,40
1465,40
1466,40
1467,40
1468,40
1469,40
1470,40
1471,40
1472,40
1473,40
1474,40
1475,40
1476,40
1477,40
1478,40
1479,40
1480,40
1481,40
1482,40
1483,40
1484,40
1485,40
1486,40
1487,40
1488,40
1489,40
1490,40
1491,40
1492,40
1493,40
1494,40
1495,40
1496,40
1497,40
1498,40
1499,40
1500,40
1501,40
1502,40
1503,40
1504,40
1505,40
1506,40
1507,40
1508,40
1509,40
1510,40
1511,40
1512,40
1513,40
1514,40
1515,40
1516,40
1517,40
1518,40
1519,40
1520,40
1521,40
1522,40
1523,40
1524,40
1525,40
1526,40
1527,40
1528,40
1529,40
1530,40
1531,40
1532,40
1533,40
1534,40
1535,40
1536,40
1537,40
1538,40
1539,40
1540,40
1541,40
1542,40
1543,40
1544,40
1545,40
1546,40
1547,40
1548,40
1549,40
1550,40
1551,40
1552,40
1553,40
1554,40
1555,40
1556,40
1557,40
1558,40
1559,40
1560,40
1561,40
1562,40
1563,40
1564,40
1565,40
1566,40
1567,40
1568,40
1569,40
1570,40
1571,40
1572,40
1573,40
1574,40
1575,40
1576,40
1577,40
1578,40
1579,40
1580,40
1581,40
1582,40
1583,40
1584,40
1585,40
1586,40
1587,40
1588,40
1589,40
1590,40
1591,40
1592,40
1593,40
1594,40
1595,40
1596,40
1597,40
1598,40
1599,40
1600,40
1601,40
1602,40
1603,40
1604,40
1605,40
1606,40
1607,40
1608,40
1609,40
1610,40
1611,40
1612,40
1613,40
1614,40
1615,40
1616,40
1617,40
1618,40
1619,40
1620,40
1621,40
1622,40
1623,40
1624,40
1625,40
1626,40
1627,40
1628,40
1629,40
1630,40
1631,40
1632,40
1633,40
1634,40
1635,40
1636,40
1637,40
1638,40
1639,40
1640,40
1641,40
1642,40
1643,40
1644,40
1645,40
1646,40
1647,40
1648,40
1649,40
1650,40
1651,40
1652,40
1653,40
1654,40
1655,40
1656,40
1657,40
1658,40
1659,40
1660,40
1661,40
1662,40
1663,40
1664,40
1665,40
1666,40
1667,40
1668,40
1669,40
1670,40
1671,40
1672,40
1673,40
1674,40
1675,40
1676,40
1677,40
1678,40
1679,40
1680,40
1681,40
1682,40
1683,40
1684,40
1685,40
1686,40
1687,40
1688,40
1689,40
1690,40
1691,40
1692,40
1693,40
1694,40
1695,40
1696,40
1697,40
1698,40
1699,40
1700,40
1701,40
1702,40
1703,40
1704,40
1705,40
1706,40
1707,40
1708,40
1709,40
1710,40
1711,40
1712,40
1713,40
1714,40
1715,40
1716,40
1717,40
1718,40
1719,40
1720,40
1721,40
1722,40
1723,40
1724,40
1725,40
1726,40
1727,40
1728,40
1729,40
1730,40
1731,40
1732,40
1733,40
1734,40
1735,40
1736,40
1737,40
1738,40
1739,40
1740,40
1741,40
1742,40
1743,40
1744,40
1745,40
1746,40
1747,40
1748,40
1749,40
1750,40
1751,40
1752,40
1753,40
1754,40
1755,40
1756,40
1757,40
1758,40
1759,40
1760,40
1761,40
1762,40
1763,40
1764,40
1765,40
1766,40
1767,40
1768,40
1769,40
1770,40
1771,40
1772,40
1773,40
1774,40
1775,40
1776,40
1777,40
1778,40
1779,40
1780,40
1781,40
1782,40
1783,40
1784,40
1785,40
1786,40
1787,40
1788,40
1789,40
1790,40
1791,40
1792,40
1793,40
1794,40
1795,40
1796,40
1797,40
1798,40
1799,40
1800,40
1801,40
1802,40
1803,40
1804,40
1805,40
1806,40
1807,40
1808,40
1809,40
1810,40
1811,40
1812,40
1813,40
1814,40
1815,40
1816,40
1817,40
1818,40
1819,40
1820,40
1821,40
1822,40
1823,40
1824,40
1825,40
1826,40
1827,40
1828,40
1829,40
1830,40
1831,40
1832,40
1833,40
1834,40
1835,40
1836,40
1837,40
1838,40
1839,40
1840,40
1841,40
1842,40
1843,40
1844,40
1845,40
1846,40
1847,40
1848,40
1849,40
1850,40
1851,40
1852,40
1853,40
1854,40
1855,40
1856,40
1857,40
1858,40
1859,40
1860,40
1861,40
1862,40
1863,40
1864,40
1865,40
1866,40
1867,40
1868,40
1869,40
1870,40
1871,40
1872,40
1873,40
1874,40
1875,40
1876,40
1877,40
1878,40
1879,40
1880,40
1881,40
1882,40
1883,40
1884,40
1885,40
1886,40
1887,40
1888,40
1889,40
1890,40
1891,40
1892,40
1893,40
1894,40
1895,40
1896,40
1897,40
1898,40
1899,40
1900,40
1901,40
1902,40
1903,40
1904,40
1905,40
1906,40
1907,40
1908,40
1909,40
1910,40
1911,40
1912,40
1913,40
1914,40
1915,40
1916,40
1917,40
1918,40
1919,40
1920,40
1921,40
1922,40
1923,40
1924,40
1925,40
1926,40
1927,40
1928,40
1929,40
1930,40
1931,40
1932,40
1933,40
1934,40
1935,40
1936,40
1937,40
1938,40
1939,40
1940,40
1941,40
1942,40
1943,40
1944,40
1945,40
1946,40
1947,40
1948,40
1949,40
1950,40
1951,40
1952,40
1953,40
1954,40
1955,40
1956,40
1957,40
1958,40
1959,40
1960,40
1961,40
1962,40
1963,40
1964,40
1965,40
1966,40
1967,40
1968,40
1969,40
1970,40
1971,40
1972,40
1973,40
1974,40
1975,40
1976,40
1977,40
1978,40
1979,40
1980,40
1981,40
1982,40
1983,40
1984,40
1985,40
1986,40
1987,40
1988,40
1989,40
1990,40
1991,40
1992,40
1993,40
1994,40
1995,40
1996,40
1997,40
1998,40
1999,40
2000,40
2001,40
2002,40
2003,40
2004,40
2005,40
2006,40
2007,40
2008,40
2009,40
2010,40
2011,40
2012,40
2013,40
2014,40
2015,40
2016,40
2017,40
2018,40
2019,40
2020,40
2021,40
2022,40
2023,40
2024,40
2025,40
2026,40
2027,40
2028,40
2029,40
2030,40
2031,40
2032,40
2033,40
2034,40
2035,40
2036,40
2037,40
2038,40
2039,40
2040,40
2041,40
2042,40
2043,40
2044,40
2045,40
2046,40
2047,40
2048,40
2049,40
2050,40
2051,40
2052,40
2053,40
2054,40
2055,40
2056,40
2057,40
2058,40
2059,40
2060,40
2061,40
2062,40
2063,40
2064,40
2065,40
2066,40
2067,40
2068,40
2069,40
2070,40
2071,40
2072,40
2073,40
2074,40
2075,40
2076,40
2077,40
2078,40
2079,40
2080,40
2081,40
2082,40
2083,40
2084,40
2085,40
2086,40
2087,40
2088,40
2089,40
2090,40
2091,40
2092,40
2093,40
2094,40
2095,40
2096,40
2097,40
2098,40
2099,40
2100,40
2101,40
2102,40
2103,40
2104,40
2105,40
2106,40
2107,40
2108,40
2109,40
2110,40
2111,40
2112,40
2113,40
2114,40
2115,40
2116,40
2117,40
2118,40
2119,40
2120,40
2121,40
2122,40
2123,40
2124,40
2125,40
2126,40
2127,40
2128,40
2129,40
2130,40
2131,40
2132,40
2133,40
2134,40
2135,40
2136,40
2137,40
2138,40
2139,40
2140,40
2141,40
2142,40
2143,40
2144,40
2145,40
2146,40
2147,40
2148,40
2149,40
2150,40
2151,40
2152,40
2153,40
2154,40
2155,40
2156,40
2157,40
2158,40
2159,40
2160,10
2161,10
2162,10
2163,10
2164,10
2165,10
2166,10
2167,10
2168,10
2169,10
2170,10
2171,10
2172,10
2173,10
2174,10
2175,10
2176,10
2177,10
2178,10
2179,10
2180,10
2181,10
2182,10
2183,10
2184,10
2185,10
2186,10
2187,10
2188,10
2189,10
2190,10
2191,10
2192,10
2193,10
2194,10
2195,10
2196,10
2197,10
2198,30
2199,20
2200,20
2201,20
2202,30
2203,30
2204,30
2205,20
2206,20
2207,30
2208,20
2209,30
2210,30
2211,30
2212,30
2213,30
2214,20
2215,20
2216,20
2217,20
2218,20
2219,20
2220,20
2221,20
2222,20
2223,20
2224,20
2225,20
2226,20
2227,20
2228,20
2229,20
2230,10
2231,30
2232,30
2233,30
2234,20
2235,20
2236,30
2237,30
2238,20
2239,20
2240,20
2241,30
2242,20
2243,20
2244,30
2245,20
2246,10
2247,20
2248,20
2249,30
2250,30
2251,20
2252,20
2253,20
2254,10
2255,10
2256,10
2257,10
2258,10
2259,10
2260,10
2261,10
2262,10
2263,10
2264,10
2265,10
2266,20
2267,20
2268,20
2269,20
2270,30
2271,30
2272,30
2273,20
2274,20
2275,30
2276,20
2277,40
2278,30
2279,30
2280,20
2281,30
2282,30
2283,30
2284,30
2285,30
2286,30
2287,30
2288,30
2289,30
2290,20
2291,20
2292,20
2293,20
2294,20
2295,20
2296,20
2297,20
2298,20
2299,20
2300,30
2301,30
2302,40
2303,20
2304,30
2305,30
2306,20
2307,30
2308,30
2309,30
2310,20
2311,20
2312,30
2313,20
2314,20
2315,20
2316,30
2317,20
2318,30
2319,30
2320,20
2321,30
2322,30
2323,20
2324,30
2325,20
2326,30
2327,30
2328,30
2329,20
2330,30
2331,30
2332,20
2333,20
2334,10
2335,30
2336,30
2337,20
2338,30
2339,20
2340,20
2341,20
2342,20
2343,20
2344,20
2345,30
2346,20
2347,20
2348,20
2349,20
2350,30
2351,30
2352,20
2353,20
2354,30
2355,20
2356,20
2357,30
2358,20
2359,20
2360,30
2361,10
2362,10
2363,10
2364,20
2365,20
2366,20
2367,30
2368,20
2369,30
2370,30
2371,30
2372,30
2373,30
2374,30
2375,30
2376,30
2377,20
2378,30
2379,30
2380,20
2381,30
2382,30
2383,20
2384,20
2385,30
2386,20
2387,30
2388,30
2389,30
2390,30
2391,20
2392,20
2393,20
2394,20
2395,20
2396,20
2397,20
2398,20
2399,20
2400,10
2401,20
2402,30
2403,20
2404,20
2405,20
2406,30
2407,30
2408,20
2409,30
2410,30
2411,20
2412,30
2413,30
2414,30
2415,30
2416,30
2417,30
2418,30
2419,30
2420,20
2421,30
2422,20
2423,30
2424,30
2425,30
2426,20
2427,20
2428,30
2429,30
2430,20
2431,30
2432,20
2433,30
2434,30
2435,30
2436,30
2437,30
2438,20
2439,10
2440,30
2441,20
2442,20
2443,20
2444,30
2445,30
2446,20
2447,20
2448,20
2449,20
2450,20
2451,20
2452,30
2453,20
2454,20
2455,20
2456,30
2457,30
2458,20
2459,30
2460,30
2461,30
2462,30
2463,30
2464,30
2465,30
2466,20
2467,30
2468,30
2469,30
2470,20
2471,30
2472,30
2473,20
2474,30
2475,30
2476,20
2477,30
2478,30
2479,30
2480,30
2481,20
2482,20
2483,30
2484,30
2485,30
2486,30
2487,30
2488,20
2489,20
2490,30
2491,30
2492,20
2493,20
2494,20
2495,20
2496,30
2497,30
2498,30
2499,30
2500,30
2501,30
2502,20
2503,20
2504,30
2505,30
2506,10
2507,20
2508,30
2509,10
2510,10
2511,10
2512,10
2513,10
2514,10
2515,10
2516,10
2517,10
2518,10
2519,10
2520,10
2521,10
2522,10
2523,10
2524,10
2525,30
2526,20
2527,20
2528,20
2529,20
2530,20
2531,20
2532,20
2533,20
2534,20
2535,30
2536,20
2537,30
2538,40
2539,30
2540,30
2541,20
2542,30
2543,20
2544,20
2545,30
2546,30
2547,30
2548,30
2549,20
2550,30
2551,20
2552,30
2553,20
2554,20
2555,20
2556,30
2557,30
2558,20
2559,30
2560,30
2561,20
2562,30
2563,30
2564,30
2565,20
2566,20
2567,30
2568,30
2569,30
2570,30
2571,30
2572,30
2573,20
2574,30
2575,20
2576,30
2577,10
2578,20
2579,30
2580,30
2581,30
2582,30
2583,20
2584,30
2585,20
2586,30
2587,30
2588,20
2589,20
2590,30
2591,20
2592,30
2593,20
2594,30
2595,20
2596,30
2597,20
2598,20
2599,20
2600,20
2601,20
2602,20
2603,10
2604,10
2605,10
2606,10
2607,10
2608,10
2609,10
2610,10
2611,10
2612,10
2613,10
2614,10
2615,10
2616,10
2617,10
2618,10
2619,10
2620,10
2621,10
2622,40
2623,20
2624,30
2625,30
2626,30
2627,30
2628,30
2629,40
2630,40
2631,40
2632,20
2633,40
2634,20
2635,30
2636,30
2637,30
2638,30
2639,40
2640,30
2641,20
2642,30
2643,30
2644,30
2645,30
2646,30
2647,30
2648,30
2649,30
2650,40
2651,20
2652,40
2653,20
2654,30
2655,40
2656,30
2657,30
2658,30
2659,30
2660,30
2661,20
2662,30
2663,30
2664,30
2665,30
2666,20
2667,30
2668,30
2669,30
2670,30
2671,30
2672,20
2673,30
2674,20
2675,30
2676,30
2677,20
2678,20
2679,30
2680,30
2681,20
2682,20
2683,30
2684,30
2685,30
2686,30
2687,30
2688,20
2689,30
2690,30
2691,30
2692,30
2693,30
2694,30
2695,30
2696,30
2697,30
2698,30
2699,20
2700,30
2701,40
2702,30
2703,20
2704,30
2705,30
2706,40
2707,20
2708,30
2709,40
2710,30
2711,30
2712,20
2713,30
2714,20
2715,40
2716,30
2717,40
2718,30
2719,30
2720,30
2721,30
2722,30
2723,20
2724,30
2725,20
2726,20
2727,20
2728,30
2729,20
2730,20
2731,30
2732,30
2733,30
2734,30
2735,30
2736,30
2737,30
2738,30
2739,40
2740,30
2741,40
2742,40
2743,30
2744,30
2745,30
2746,40
2747,30
2748,40
2749,40
2750,20
2751,20
2752,30
2753,30
2754,30
2755,20
2756,30
2757,20
2758,20
2759,20
2760,20
2761,20
2762,20
2763,30
2764,30
2765,30
2766,30
2767,30
2768,30
2769,30
2770,20
2771,40
2772,40
2773,30
2774,30
2775,30
2776,30
2777,20
2778,30
2779,30
2780,30
2781,20
2782,20
2783,20
2784,20
2785,30
2786,30
2787,20
2788,30
2789,40
2790,40
2791,20
2792,40
2793,30
2794,30
2795,30
2796,30
2797,30
2798,30
2799,30
2800,30
2801,40
2802,30
2803,30
2804,30
2805,40
2806,30
2807,30
2808,30
2809,20
2810,30
2811,30
2812,30
2813,30
2814,30
2815,30
2816,30
2817,30
2818,30
2819,30
2820,30
2821,30
2822,30
2823,30
2824,40
2825,30
2826,40
2827,30
2828,20
2829,30
2830,30
2831,30
2832,30
2833,30
2834,20
2835,40
2836,30
2837,30
2838,30
2839,40
2840,30
2841,40
2842,30
2843,30
2844,40
2845,20
2846,30
2847,30
2848,30
2849,30
2850,40
2851,30
2852,30
2853,30
2854,20
2855,40
2856,30
2857,40
2858,30
2859,30
2860,30
2861,30
2862,30
2863,30
2864,40
2865,30
2866,40
2867,30
2868,30
2869,30
2870,30
2871,30
2872,30
2873,40
2874,30
2875,30
2876,30
2877,30
2878,20
2879,40
2880,30
2881,40
2882,20
2883,40
2884,30
2885,30
2886,40
2887,30
2888,40
2889,40
2890,40
2891,40
2892,40
2893,40
2894,40
2895,30
2896,40
2897,30
2898,40
2899,30
2900,40
2901,30
2902,30
2903,40
2904,40
2905,40
2906,10
2907,40
2908,30
2909,40
2910,40
2911,40
2912,30
2913,30
2914,30
2915,20
2916,30
2917,30
2918,40
2919,30
2920,40
2921,30
2922,30
2923,30
2924,30
2925,40
2926,30
2927,40
2928,40
2929,40
2930,40
2931,20
2932,30
2933,40
2934,40
2935,40
2936,40
2937,40
2938,30
2939,40
2940,40
2941,30
2942,40
2943,40
2944,30
2945,40
2946,40
2947,30
2948,40
2949,30
2950,30
2951,40
2952,20
2953,40
2954,30
2955,30
2956,30
2957,30
2958,30
2959,30
2960,30
2961,30
2962,30
2963,30
2964,30
2965,40
2966,30
2967,30
2968,40
2969,30
2970,40
2971,40
2972,30
2973,40
2974,40
2975,30
2976,40
2977,30
2978,30
2979,30
2980,30
2981,30
2982,30
2983,30
2984,40
2985,30
2986,30
2987,30
2988,40
2989,40
2990,40
2991,40
2992,30
2993,40
2994,40
2995,30
2996,30
2997,40
2998,40
2999,40
3000,30
3001,40
3002,30
3003,30
3004,40
3005,40
3006,30
3007,30
3008,30
3009,30
3010,40
3011,40
3012,40
3013,30
3014,30
3015,40
3016,30
3017,40
3018,40
3019,40
3020,20
3021,40
3022,40
3023,40
3024,30
3025,30
3026,30
3027,30
3028,30
3029,40
3030,30
3031,30
3032,40
3033,30
3034,40
3035,40
3036,40
3037,40
3038,30
3039,40
3040,40
3041,30
3042,40
3043,30
3044,10
3045,30
3046,40
3047,40
3048,30
3049,30
3050,30
3051,20
3052,30
3053,30
3054,40
3055,30
3056,30
3057,40
3058,40
3059,30
3060,30
3061,30
3062,30
3063,30
3064,40
3065,30
3066,40
3067,30
3068,30
3069,30
3070,30
3071,40
3072,30
3073,40
3074,40
3075,40
3076,30
3077,30
3078,40
3079,40
3080,30
3081,30
3082,30
3083,40
3084,40
3085,30
3086,40
3087,40
3088,30
3089,30
3090,30
3091,40
3092,30
3093,30
3094,30
3095,40
3096,30
3097,30
3098,30
3099,30
3100,30
3101,30
3102,30
3103,30
3104,30
3105,30
3106,30
3107,30
3108,40
3109,40
3110,40
3111,40
3112,40
3113,40
3114,40
3115,40
3116,40
3117,30
3118,40
3119,30
3120,30
3121,30
3122,40
3123,30
3124,40
3125,30
3126,30
3127,40
3128,30
3129,30
3130,40
3131,40
3132,40
3133,40
3134,30
3135,30
3136,30
3137,30
3138,30
3139,40
3140,30
3141,30
3142,30
3143,30
3144,40
3145,40
3146,30
3147,30
3148,40
3149,30
3150,40
3151,30
3152,30
3153,30
3154,40
3155,30
3156,30
3157,40
3158,30
3159,40
3160,40
3161,30
3162,30
3163,30
3164,30
3165,30
3166,30
3167,30
3168,30
3169,30
3170,30
3171,40
3172,30
3173,30
3174,30
3175,30
3176,40
3177,30
3178,30
3179,30
3180,30
3181,40
3182,30
3183,30
3184,30
3185,30
3186,30
3187,30
3188,30
3189,30
3190,30
3191,30
3192,30
3193,40
3194,40
3195,30
3196,30
3197,30
3198,30
3199,40
3200,40
3201,40
3202,30
3203,30
3204,40
3205,40
3206,40
3207,40
3208,30
3209,40
3210,30
3211,30
3212,40
3213,40
3214,30
3215,30
3216,40
3217,30
3218,40
3219,40
3220,40
3221,30
3222,30
3223,30
3224,30
3225,30
3226,30
3227,30
3228,40
3229,30
3230,30
3231,30
3232,40
3233,30
3234,30
3235,40
3236,30
3237,30
3238,30
3239,40
3240,40
3241,40
3242,30
3243,20
3244,40
3245,40
3246,30
3247,40
3248,30
3249,40
3250,40
3251,40
3252,40
3253,40
3254,30
3255,40
3256,40
3257,30
3258,40
3259,30
3260,40
3261,30
3262,40
3263,40
3264,40
3265,40
3266,40
3267,40
3268,40
3269,40
3270,40
3271,40
3272,40
3273,40
3274,40
3275,40
3276,40
3277,40
3278,40
3279,40
3280,40
3281,40
3282,40
3283,40
3284,30
3285,30
3286,30
3287,30
3288,30
3289,40
3290,30
3291,40
3292,30
3293,30
3294,40
3295,30
3296,40
3297,30
3298,40
3299,30
3300,30
3301,30
3302,30
3303,40
3304,40
3305,40
3306,40
3307,30
3308,40
3309,40
3310,40
3311,30
3312,40
3313,40
3314,40
3315,30
3316,30
3317,30
3318,30
3319,40
3320,40
3321,40
3322,40
3323,40
3324,30
3325,40
3326,30
3327,40
3328,30
3329,40
3330,40
3331,40
3332,40
3333,40
3334,40
3335,30
3336,40
3337,40
3338,40
3339,40
3340,40
3341,40
3342,40
3343,40
3344,30
3345,40
3346,40
3347,40
3348,40
3349,30
3350,40
3351,40
3352,40
3353,40
3354,40
3355,40
3356,30
3357,30
3358,30
3359,40
3360,40
3361,30
3362,40
3363,30
3364,30
3365,40
3366,30
3367,30
3368,40
3369,40
3370,40
3371,30
3372,30
3373,40
3374,30
3375,40
3376,30
3377,30
3378,30
3379,30
3380,30
3381,40
3382,30
3383,30
3384,40
3385,30
3386,40
3387,30
3388,40
3389,30
3390,30
3391,40
3392,30
3393,40
3394,40
3395,40
3396,40
3397,40
3398,30
3399,40
3400,40
3401,20
3402,40
3403,40
3404,30
3405,40
3406,30
3407,30
3408,40
3409,30
3410,30
3411,40
3412,40
3413,30
3414,30
3415,40
3416,40
3417,30
3418,30
3419,30
3420,40
3421,40
3422,40
3423,40
3424,30
3425,40
3426,30
3427,30
3428,30
3429,30
3430,30
3431,30
3432,40
3433,40
3434,30
3435,40
3436,30
3437,40
3438,40
3439,40
3440,30
3441,30
3442,40
3443,40
3444,40
3445,40
3446,40
3447,40
3448,40
3449,40
3450,30
3451,40
3452,40
3453,30
3454,40
3455,30
3456,30
3457,40
3458,30
3459,40
3460,40
3461,30
3462,40
3463,30
3464,30
3465,40
3466,30
3467,40
3468,30
3469,40
3470,30
3471,30
3472,30
3473,40
3474,40
3475,30
3476,30
3477,40
3478,30
3479,40
3480,30
3481,40
3482,40
3483,30
3484,40
3485,40
3486,40
3487,30
3488,30
3489,40
3490,30
3491,40
3492,30
3493,40
3494,40
3495,40
3496,40
3497,40
3498,40
3499,30
3500,40
3501,40
3502,40
3503,30
3504,30
3505,30
3506,40
3507,40
3508,30
3509,30
3510,40
3511,40
3512,30
3513,30
3514,30
3515,40
3516,30
3517,30
3518,30
3519,30
3520,30
3521,30
3522,30
3523,40
3524,30
3525,30
3526,40
3527,30
3528,30
3529,30
3530,30
3531,40
3532,40
3533,40
3534,30
3535,40
3536,30
3537,40
3538,30
3539,40
3540,30
3541,40
3542,40
3543,40
3544,40
3545,40
3546,20
3547,40
3548,40
3549,40
3550,30
3551,40
3552,40
3553,40
3554,30
3555,40
3556,30
3557,30
3558,30
3559,40
3560,40
3561,40
3562,30
3563,40
3564,30
3565,40
3566,30
3567,40
3568,30
3569,30
3570,40
3571,40
3572,40
3573,30
3574,40
3575,30
3576,30
3577,30
3578,40
3579,40
3580,40
3581,30
3582,30
3583,30
3584,30
3585,30
3586,30
3587,40
3588,30
3589,30
3590,30
3591,40
3592,40
3593,30
3594,30
3595,40
3596,30
3597,40
3598,30
3599,40
3600,30
3601,40
3602,30
3603,30
3604,40
3605,40
3606,40
3607,40
3608,40
3609,30
3610,30
3611,40
3612,40
3613,40
3614,30
3615,40
3616,30
3617,40
3618,40
3619,40
3620,30
3621,40
3622,30
3623,30
3624,30
3625,40
3626,30
3627,30
3628,40
3629,40
3630,30
3631,40
3632,40
3633,30
3634,30
3635,40
3636,40
3637,40
3638,30
3639,30
3640,40
3641,40
3642,30
3643,40
3644,40
3645,40
3646,30
3647,30
3648,30
3649,40
3650,40
3651,40
3652,40
3653,30
3654,30
3655,40
3656,30
3657,30
3658,40
3659,30
3660,40
3661,40
3662,30
3663,20
3664,40
3665,40
3666,40
3667,40
3668,40
3669,40
3670,30
3671,40
3672,40
3673,40
3674,40
3675,30
3676,30
3677,40
3678,40
3679,40
3680,30
3681,30
3682,40
3683,40
3684,40
3685,30
3686,40
3687,30
3688,40
3689,30
3690,40
3691,30
3692,30
3693,30
3694,30
3695,30
3696,40
3697,40
3698,40
3699,40
3700,30
3701,30
3702,30
3703,40
3704,30
3705,40
3706,30
3707,40
3708,30
3709,30
3710,30
3711,30
3712,40
3713,30
3714,40
3715,40
3716,40
3717,40
3718,40
3719,40
3720,40
3721,40
3722,30
3723,40
3724,40
3725,30
3726,40
3727,40
3728,40
3729,30
3730,40
3731,40
3732,40
3733,40
3734,40
3735,30
3736,30
3737,30
3738,40
3739,40
3740,40
3741,30
3742,30
3743,40
3744,40
3745,30
3746,40
3747,30
3748,40
3749,30
3750,30
3751,30
3752,30
3753,40
3754,40
3755,40
3756,40
3757,40
3758,40
3759,40
3760,40
3761,30
3762,40
3763,40
3764,30
3765,40
3766,40
3767,30
3768,30
3769,30
3770,40
3771,30
3772,40
3773,30
3774,40
3775,40
3776,40
3777,40
3778,40
3779,30
3780,30
3781,30
3782,30
3783,40
3784,30
3785,30
3786,40
3787,30
3788,40
3789,30
3790,40
3791,30
3792,40
3793,40
3794,40
3795,40
3796,30
3797,30
3798,30
3799,40
3800,40
3801,30
3802,40
3803,40
3804,30
3805,40
3806,40
3807,30
3808,40
3809,40
3810,30
3811,40
3812,30
3813,40
3814,30
3815,40
3816,30
3817,40
3818,30
3819,40
3820,40
3821,40
3822,30
3823,40
3824,30
3825,30
3826,40
3827,30
3828,40
3829,30
3830,40
3831,30
3832,30
3833,30
3834,30
3835,30
3836,40
3837,40
3838,30
3839,40
3840,30
3841,30
3842,30
3843,40
3844,30
3845,40
3846,30
3847,30
3848,30
3849,30
3850,30
3851,40
3852,40
3853,30
3854,30
3855,30
3856,40
3857,40
3858,40
3859,30
3860,40
3861,30
3862,30
3863,40
3864,30
3865,30
3866,30
3867,40
3868,30
3869,30
3870,40
3871,30
3872,30
3873,40
3874,40
3875,30
3876,30
3877,40
3878,30
3879,30
3880,40
3881,30
3882,30
3883,30
3884,30
3885,30
3886,30
3887,40
3888,30
3889,30
3890,40
3891,30
3892,30
3893,30
3894,30
3895,40
3896,40
3897,30
3898,30
3899,30
3900,30
3901,30
3902,30
3903,40
3904,40
3905,30
3906,30
3907,30
3908,30
3909,40
3910,40
3911,40
3912,40
3913,30
3914,40
3915,30
3916,40
3917,40
3918,30
3919,30
3920,30
3921,30
3922,40
3923,40
3924,40
3925,30
3926,30
3927,40
3928,30
3929,30
3930,30
3931,30
3932,40
3933,30
3934,40
3935,30
3936,30
3937,30
3938,40
3939,40
3940,30
3941,30
3942,30
3943,30
3944,40
3945,40
3946,40
3947,40
3948,40
3949,30
3950,30
3951,40
3952,30
3953,30
3954,40
3955,30
3956,30
3957,30
3958,40
3959,30
3960,40
3961,30
3962,30
3963,30
3964,30
3965,30
3966,30
3967,30
3968,30
3969,30
3970,30
3971,30
3972,30
3973,40
3974,30
3975,30
3976,40
3977,40
3978,40
3979,30
3980,30
3981,40
3982,30
3983,30
3984,40
3985,30
3986,30
3987,30
3988,40
3989,30
3990,30
3991,30
3992,30
3993,30
3994,30
3995,40
3996,30
3997,30
3998,30
3999,40
4000,30
4001,40
4002,40
4003,40
4004,30
4005,30
4006,30
4007,30
4008,30
4009,30
4010,30
4011,30
4012,30
4013,40
4014,30
4015,40
4016,30
4017,30
4018,40
4019,30
4020,40
4021,30
4022,40
4023,40
4024,30
4025,40
4026,30
4027,30
4028,30
4029,30
4030,40
4031,40
4032,30
4033,40
4034,30
4035,40
4036,30
4037,30
4038,30
4039,40
4040,30
4041,30
4042,40
4043,30
4044,30
4045,30
4046,30
4047,40
4048,30
4049,40
4050,30
4051,30
4052,30
4053,40
4054,30
4055,30
4056,40
4057,30
4058,40
4059,40
4060,30
4061,30
4062,30
4063,30
4064,30
4065,30
4066,30
4067,30
4068,30
4069,30
4070,40
4071,30
4072,30
4073,30
4074,30
4075,40
4076,30
4077,40
4078,30
4079,30
4080,30
4081,30
4082,40
4083,40
4084,40
4085,30
4086,30
4087,30
4088,30
4089,40
4090,30
4091,30
4092,30
4093,30
4094,40
4095,30
4096,30
4097,30
4098,30
4099,30
4100,30
4101,40
4102,30
4103,30
4104,40
4105,30
4106,30
4107,30
4108,30
4109,40
4110,40
4111,40
4112,40
4113,30
4114,30
4115,30
4116,40
4117,30
4118,30
4119,40
4120,40
4121,40
4122,30
4123,40
4124,40
4125,30
4126,30
4127,30
4128,40
4129,40
4130,40
4131,30
4132,30
4133,40
4134,30
4135,30
4136,30
4137,30
4138,30
4139,30
4140,40
4141,40
4142,40
4143,40
4144,30
4145,30
4146,30
4147,40
4148,30
4149,40
4150,30
4151,30
4152,30
4153,40
4154,40
4155,40
4156,40
4157,40
4158,40
4159,40
4160,40
4161,40
4162,40
4163,40
4164,40
4165,40
4166,40
4167,40
4168,40
4169,40
4170,40
4171,40
4172,40
4173,40
4174,40
4175,40
4176,40
4177,40
4178,40
4179,40
4180,40
4181,40
4182,40
4183,40
4184,40
4185,40
4186,40
4187,40
4188,40
4189,40
4190,40
4191,40
4192,40
4193,40
4194,40
4195,40
4196,40
4197,40
4198,40
4199,40
4200,40
4201,40
4202,40
4203,40
4204,40
4205,40
4206,40
4207,40
4208,40
4209,40
4210,40
4211,40
4212,40
4213,40
4214,40
4215,40
4216,40
4217,40
4218,40
4219,40
4220,40
4221,40
4222,40
4223,40
4224,40
4225,40
4226,40
4227,40
4228,40
4229,40
4230,40
4231,40
4232,40
4233,40
4234,40
4235,40
4236,40
4237,40
4238,40
4239,40
4240,40
4241,40
4242,40
4243,40
4244,40
4245,40
4246,40
4247,40
4248,40
4249,40
4250,40
4251,40
4252,40
4253,40
4254,40
4255,40
4256,40
4257,40
4258,40
4259,40
4260,40
4261,40
4262,40
4263,40
4264,40
4265,40
4266,40
4267,40
4268,40
4269,40
4270,40
4271,40
4272,40
4273,40
4274,40
4275,40
4276,40
4277,40
4278,40
4279,40
4280,40
4281,40
4282,40
4283,40
4284,40
4285,40
4286,40
4287,40
4288,40
4289,40
4290,40
4291,40
4292,40
4293,40
4294,40
4295,40
4296,40
4297,40
4298,40
4299,40
4300,40
4301,40
4302,40
4303,40
4304,40
4305,40
4306,40
4307,40
4308,40
4309,40
4310,40
4311,40
4312,40
4313,40
4314,40
4315,40
4316,40
4317,40
4318,40
4319,40
4320,40
4321,40
4322,40
4323,40
4324,40
4325,40
4326,40
4327,40
4328,40
4329,40
4330,40
4331,40
4332,40
4333,40
4334,40
4335,40
4336,40
4337,40
4338,40
4339,40
4340,40
4341,40
4342,40
4343,40
4344,40
4345,40
4346,40
4347,40
4348,40
4349,40
4350,40
4351,40
4352,40
4353,40
4354,40
4355,40
4356,40
4357,40
4358,40
4359,40
4360,40
4361,40
4362,40
4363,40
4364,40
4365,40
4366,40
4367,40
4368,40
4369,40
4370,40
4371,40
4372,40
4373,40
4374,40
4375,40
4376,40
4377,40
4378,40
4379,40
4380,40
4381,40
4382,40
4383,40
4384,40
4385,40
4386,40
4387,40
4388,40
4389,40
4390,40
4391,40
4392,40
4393,40
4394,40
4395,40
4396,40
4397,40
4398,40
4399,40
4400,40
4401,40
4402,40
4403,40
4404,40
4405,40
4406,40
4407,40
4408,40
4409,40
4410,40
4411,40
4412,40
4413,40
4414,40
4415,40
4416,40
4417,40
4418,40
4419,40
4420,40
4421,40
4422,40
4423,40
4424,40
4425,40
4426,40
4427,40
4428,40
4429,40
4430,40
4431,40
4432,40
4433,40
4434,40
4435,40
4436,40
4437,40
4438,40
4439,40
4440,40
4441,40
4442,40
4443,40
4444,40
4445,40
4446,40
4447,40
4448,40
4449,40
4450,40
4451,40
4452,40
4453,40
4454,40
4455,40
4456,40
4457,40
4458,40
4459,40
4460,40
4461,40
4462,40
4463,40
4464,40
4465,40
4466,40
4467,40
4468,40
4469,40
4470,40
4471,40
4472,40
4473,40
4474,40
4475,40
4476,40
4477,40
4478,40
4479,40
4480,40
4481,40
4482,40
4483,40
4484,40
4485,40
4486,40
4487,40
4488,40
4489,40
4490,40
4491,40
4492,40
4493,40
4494,40
4495,40
4496,40
4497,40
4498,40
4499,40
4500,40
4501,40
4502,40
4503,40
4504,40
4505,40
4506,40
4507,40
4508,40
4509,40
4510,40
4511,40
4512,40
4513,40
4514,40
4515,40
4516,40
4517,40
4518,40
4519,40
4520,40
4521,40
4522,40
4523,40
4524,40
4525,40
4526,40
4527,40
4528,40
4529,40
4530,40
4531,40
4532,40
4533,40
4534,40
4535,40
4536,40
4537,40
4538,40
4539,40
4540,40
4541,40
4542,40
4543,40
4544,40
4545,40
4546,40
4547,40
4548,40
4549,40
4550,40
4551,40
4552,40
4553,40
4554,40
4555,40
4556,40
4557,40
4558,40
4559,40
4560,40
4561,40
4562,40
4563,40
4564,40
4565,40
4566,40
4567,40
4568,40
4569,40
4570,40
4571,40
4572,40
4573,40
4574,40
4575,40
4576,40
4577,40
4578,40
4579,40
4580,40
4581,40
4582,40
4583,40
4584,40
4585,40
4586,40
4587,40
4588,40
4589,40
4590,40
4591,40
4592,40
4593,40
4594,40
4595,40
4596,40
4597,40
4598,40
4599,40
4600,40
4601,40
4602,40
4603,40
4604,40
4605,40
4606,40
4607,40
4608,40
4609,40
4610,40
4611,40
4612,40
4613,40
4614,40
4615,40
4616,40
4617,40
4618,40
4619,40
4620,40
4621,40
4622,40
4623,40
4624,40
4625,40
4626,40
4627,40
4628,40
4629,40
4630,40
4631,40
4632,40
4633,40
4634,40
4635,40
4636,40
4637,40
4638,40
4639,40
4640,40
4641,40
4642,40
4643,40
4644,40
4645,40
4646,40
4647,40
4648,40
4649,40
4650,40
4651,40
4652,40
4653,40
4654,40
4655,40
4656,40
4657,40
4658,40
4659,40
4660,40
4661,40
4662,40
4663,40
4664,40
4665,40
4666,40
4667,40
4668,40
4669,40
4670,40
4671,40
4672,40
4673,40
4674,40
4675,40
4676,40
4677,40
4678,40
4679,40
4680,40
4681,40
4682,40
4683,40
4684,40
4685,40
4686,40
4687,40
4688,40
4689,40
4690,40
4691,40
4692,40
4693,40
4694,40
4695,40
4696,40
4697,40
4698,40
4699,40
4700,40
4701,40
4702,40
4703,40
4704,40
4705,40
4706,40
4707,40
4708,40
4709,40
4710,40
4711,40
4712,40
4713,40
4714,40
4715,40
4716,40
4717,40
4718,40
4719,40
4720,40
4721,40
4722,40
4723,40
4724,40
4725,40
4726,40
4727,40
4728,40
4729,40
4730,40
4731,40
4732,40
4733,40
4734,40
4735,40
4736,40
4737,40
4738,40
4739,40
4740,40
4741,40
4742,40
4743,40
4744,40
4745,40
4746,40
4747,40
4748,40
4749,40
4750,40
4751,40
4752,40
4753,40
4754,40
4755,40
4756,40
4757,40
4758,40
4759,40
4760,40
4761,40
4762,40
4763,40
4764,40
4765,40
4766,40
4767,40
4768,40
4769,40
4770,40
4771,40
4772,40
4773,40
4774,40
4775,40
4776,40
4777,40
4778,40
4779,40
4780,40
4781,40
4782,40
4783,40
4784,40
4785,40
4786,40
4787,40
4788,40
4789,40
4790,40
4791,40
4792,40
4793,40
4794,40
4795,40
4796,40
4797,40
4798,40
4799,40
4800,40
4801,40
4802,40
4803,40
4804,40
4805,40
4806,40
4807,40
4808,40
4809,40
4810,40
4811,40
4812,40
4813,40
4814,40
4815,40
4816,40
4817,40
4818,40
4819,40
4820,40
4821,40
4822,40
4823,40
4824,40
4825,40
4826,40
4827,40
4828,40
4829,40
4830,40
4831,40
4832,40
4833,40
4834,40
4835,40
4836,40
4837,40
4838,40
4839,40
4840,40
4841,40
4842,40
4843,40
4844,40
4845,40
4846,40
4847,40
4848,40
4849,40
4850,40
4851,40
4852,40
4853,40
4854,40
4855,40
4856,40
4857,40
4858,40
4859,40
4860,40
4861,40
4862,40
4863,40
4864,40
4865,40
4866,40
4867,40
4868,40
4869,40
4870,40
4871,40
4872,40
4873,40
4874,40
4875,40
4876,40
4877,40
4878,40
4879,40
4880,40
4881,40
4882,40
4883,40
4884,40
4885,40
4886,40
4887,40
4888,40
4889,40
4890,40
4891,40
4892,40
4893,40
4894,40
4895,40
4896,40
4897,40
4898,40
4899,40
4900,40
4901,40
4902,40
4903,40
4904,40
4905,40
4906,40
4907,40
4908,40
4909,40
4910,40
4911,40
4912,40
4913,40
4914,40
4915,40
4916,40
4917,40
4918,40
4919,40
4920,40
4921,40
4922,40
4923,40
4924,40
4925,40
4926,40
4927,40
4928,40
4929,40
4930,40
4931,40
4932,40
4933,40
4934,40
4935,40
4936,40
4937,40
4938,40
4939,40
4940,40
4941,40
4942,40
4943,40
4944,40
4945,40
4946,40
4947,40
4948,40
4949,40
4950,40
4951,40
4952,40
4953,40
4954,40
4955,40
4956,40
4957,40
4958,40
4959,40
4960,40
4961,40
4962,40
4963,40
4964,40
4965,40
4966,40
4967,40
4968,40
4969,40
4970,40
4971,40
4972,40
4973,40
4974,40
4975,40
4976,40
4977,40
4978,40
4979,40
4980,40
4981,40
4982,40
4983,40
4984,40
4985,40
4986,40
4987,40
4988,40
4989,40
4990,40
4991,40
4992,40
4993,40
4994,40
4995,40
4996,40
4997,40
4998,40
4999,40
5000,40
5001,40
5002,40
5003,40
5004,40
5005,40
5006,40
5007,40
5008,40
5009,40
5010,40
5011,40
5012,40
5013,40
5014,40
5015,40
5016,40
5017,40
5018,40
5019,40
5020,40
5021,40
5022,40
5023,40
5024,40
5025,40
5026,40
5027,40
5028,40
5029,40
5030,40
5031,40
5032,40
5033,40
5034,40
5035,40
5036,40
5037,40
5038,40
5039,40
5040,40
5041,40
5042,40
5043,40
5044,40
5045,40
5046,40
5047,40
5048,40
5049,40
5050,40
5051,40
5052,40
5053,40
5054,40
5055,40
5056,40
5057,40
5058,40
5059,40
5060,40
5061,40
5062,40
5063,40
5064,40
5065,40
5066,40
5067,40
5068,40
5069,40
5070,40
5071,40
5072,40
5073,40
5074,40
5075,40
5076,40
5077,40
5078,40
5079,40
5080,40
5081,40
5082,40
5083,40
5084,40
5085,40
5086,40
5087,40
5088,40
5089,40
5090,40
5091,40
5092,40
5093,40
5094,40
5095,40
5096,40
5097,40
5098,40
5099,40
5100,40
5101,40
5102,40
5103,40
5104,40
5105,40
5106,40
5107,40
5108,40
5109,40
5110,40
5111,40
5112,40
5113,40
5114,40
5115,40
5116,40
5117,40
5118,40
5119,40
5120,40
5121,40
5122,40
5123,40
5124,40
5125,40
5126,40
5127,40
5128,40
5129,40
5130,40
5131,40
5132,40
5133,40
5134,40
5135,40
5136,40
5137,40
5138,40
5139,40
5140,40
5141,40
5142,40
5143,40
5144,40
5145,40
5146,40
5147,40
5148,40
5149,40
5150,40
5151,40
5152,40
5153,40
5154,40
5155,40
5156,40
5157,40
5158,40
5159,40
5160,40
5161,40
5162,40
5163,40
5164,40
5165,40
5166,40
5167,40
5168,40
5169,40
5170,40
5171,40
5172,40
5173,40
5174,40
5175,40
5176,40
5177,40
5178,40
5179,40
5180,40
5181,40
5182,40
5183,40
5184,40
5185,40
5186,40
5187,40
5188,40
5189,40
5190,40
5191,40
5192,40
5193,40
5194,40
5195,40
5196,40
5197,40
5198,40
5199,40
5200,40
5201,40
5202,40
5203,40
5204,40
5205,40
5206,40
5207,40
5208,40
5209,40
5210,40
5211,40
5212,40
5213,40
5214,40
5215,40
5216,40
5217,40
5218,40
5219,40
5220,40
5221,40
5222,40
5223,40
5224,40
5225,40
5226,40
5227,40
5228,40
5229,40
5230,40
5231,40
5232,40
5233,40
5234,40
5235,40
5236,40
5237,40
5238,40
5239,40
5240,40
5241,40
5242,40
5243,40
5244,40
5245,40
5246,40
5247,40
5248,40
5249,40
5250,40
5251,40
5252,40
5253,40
5254,40
5255,40
5256,40
5257,40
5258,40
5259,40
5260,40
5261,40
5262,40
5263,40
5264,40
5265,40
5266,40
5267,40
5268,40
5269,40
5270,40
5271,40
5272,40
5273,40
5274,40
5275,40
5276,40
5277,40
5278,40
5279,40
5280,40
5281,40
5282,40
5283,40
5284,40
5285,40
5286,40
5287,40
5288,40
5289,40
5290,40
5291,40
5292,40
5293,40
5294,40
5295,40
5296,40
5297,40
5298,40
5299,40
5300,40
5301,40
5302,40
5303,40
5304,40
5305,40
5306,40
5307,40
5308,40
5309,40
5310,40
5311,40
5312,40
5313,40
5314,40
5315,40
5316,40
5317,40
5318,40
5319,40
5320,40
5321,40
5322,40
5323,40
5324,40
5325,40
5326,40
5327,40
5328,40
5329,40
5330,40
5331,40
5332,40
5333,40
5334,40
5335,40
5336,40
5337,40
5338,40
5339,40
5340,40
5341,40
5342,40
5343,40
5344,40
5345,40
5346,40
5347,40
5348,40
5349,40
5350,10
5351,10
5352,10
5353,10
5354,10
5355,10
5356,10
5357,10
5358,10
5359,10
5360,10
5361,10
5362,10
5363,10
5364,10
5365,10
5366,10
5367,10
5368,10
5369,10
5370,10
5371,10
5372,10
5373,30
5374,30
5375,20
5376,30
5377,20
5378,30
5379,30
5380,30
5381,20
5382,30
5383,30
5384,20
5385,30
5386,30
5387,20
5388,30
5389,30
5390,30
5391,20
5392,30
5393,30
5394,30
5395,30
5396,30
5397,30
5398,30
5399,30
5400,30
5401,30
5402,30
5403,30
5404,30
5405,30
5406,30
5407,30
5408,20
5409,30
5410,20
5411,20
5412,20
5413,30
5414,30
5415,20
5416,30
5417,30
5418,30
5419,30
5420,30
5421,30
5422,30
5423,30
5424,20
5425,20
5426,20
5427,30
5428,30
5429,30
5430,30
5431,30
5432,20
5433,30
5434,30
5435,30
5436,20
5437,30
5438,20
5439,20
5440,30
5441,20
5442,30
5443,30
5444,30
5445,30
5446,30
5447,20
5448,30
5449,30
5450,30
5451,30
5452,30
5453,30
5454,40
5455,30
5456,30
5457,20
5458,30
5459,30
5460,20
5461,30
5462,20
5463,40
5464,30
5465,30
5466,40
5467,20
5468,40
5469,20
5470,30
5471,20
5472,20
5473,30
5474,30
5475,30
5476,20
5477,20
5478,40
5479,30
5480,30
5481,30
5482,30
5483,30
5484,30
5485,30
5486,20
5487,20
5488,30
5489,30
5490,30
5491,30
5492,30
5493,30
5494,30
5495,30
5496,30
5497,20
5498,30
5499,20
5500,30
5501,30
5502,30
5503,30
5504,30
5505,20
5506,30
5507,30
5508,30
5509,20
5510,30
5511,20
5512,20
5513,30
5514,30
5515,20
5516,30
5517,20
5518,30
5519,20
5520,30
5521,20
5522,20
5523,20
5524,20
5525,20
5526,20
5527,30
5528,30
5529,20
5530,30
5531,20
5532,30
5533,20
5534,30
5535,30
5536,20
5537,20
5538,30
5539,30
5540,30
5541,20
5542,20
5543,30
5544,20
5545,20
5546,20
5547,30
5548,30
5549,20
5550,30
5551,10
5552,30
5553,30
5554,20
5555,30
5556,30
5557,30
5558,30
5559,30
5560,30
5561,20
5562,20
5563,30
5564,20
5565,30
5566,30
5567,30
5568,20
5569,30
5570,20
5571,30
5572,30
5573,30
5574,30
5575,30
5576,30
5577,20
5578,30
5579,30
5580,30
5581,30
5582,30
5583,30
5584,30
5585,30
5586,30
5587,20
5588,30
5589,20
5590,30
5591,30
5592,30
5593,30
5594,30
5595,30
5596,30
5597,30
5598,30
5599,40
5600,30
5601,30
5602,40
5603,30
5604,30
5605,40
5606,30
5607,30
5608,20
5609,20
5610,30
5611,30
5612,30
5613,20
5614,30
5615,40
5616,40
5617,40
5618,20
5619,30
5620,30
5621,40
5622,30
5623,30
5624,40
5625,30
5626,20
5627,20
5628,30
5629,40
5630,30
5631,20
5632,30
5633,20
5634,30
5635,40
5636,30
5637,30
5638,30
5639,20
5640,40
5641,40
5642,20
5643,20
5644,20
5645,20
5646,30
5647,40
5648,40
5649,30
5650,40
5651,20
5652,30
5653,30
5654,40
5655,30
5656,30
5657,30
5658,20
5659,40
5660,30
5661,30
5662,40
5663,30
5664,30
5665,20
5666,30
5667,30
5668,30
5669,20
5670,30
5671,30
5672,30
5673,30
5674,20
5675,30
5676,30
5677,30
5678,30
5679,20
5680,20
5681,40
5682,20
5683,40
5684,40
5685,30
5686,30
5687,20
5688,40
5689,20
5690,30
5691,30
5692,40
5693,30
5694,30
5695,30
5696,30
5697,20
5698,40
5699,30
5700,20
5701,30
5702,40
5703,20
5704,30
5705,40
5706,30
5707,40
5708,40
5709,20
5710,30
5711,20
5712,30
5713,20
5714,20
5715,20
5716,10
5717,20
5718,20
5719,20
5720,20
5721,20
5722,20
5723,30
5724,30
5725,30
5726,30
5727,30
5728,30
5729,30
5730,40
5731,30
5732,30
5733,30
5734,40
5735,30
5736,30
5737,30
5738,30
5739,30
5740,30
5741,20
5742,30
5743,20
5744,30
5745,20
5746,20
5747,30
5748,30
5749,30
5750,30
5751,30
5752,20
5753,30
5754,30
5755,30
5756,40
5757,20
5758,30
5759,30
5760,20
5761,30
5762,30
5763,30
5764,20
5765,20
5766,20
5767,20
5768,30
5769,20
5770,30
5771,30
5772,10
5773,10
5774,40
5775,40
5776,30
5777,40
5778,30
5779,40
5780,30
5781,30
5782,30
5783,30
5784,40
5785,20
5786,40
5787,40
5788,20
5789,40
5790,20
5791,30
5792,30
5793,40
5794,30
5795,40
5796,30
5797,30
5798,40
5799,20
5800,40
5801,20
5802,30
5803,30
5804,20
5805,30
5806,30
5807,30
5808,30
5809,30
5810,30
5811,40
5812,30
5813,40
5814,30
5815,20
5816,30
5817,30
5818,30
5819,30
5820,20
5821,30
5822,30
5823,30
5824,30
5825,30
5826,30
5827,30
5828,20
5829,30
5830,30
5831,30
5832,30
5833,30
5834,20
5835,30
5836,40
5837,30
5838,30
5839,20
5840,20
5841,30
5842,30
5843,30
5844,20
5845,30
5846,20
5847,40
5848,20
5849,20
5850,30
5851,30
5852,30
5853,30
5854,30
5855,10
5856,30
5857,30
5858,30
5859,30
5860,20
5861,30
5862,30
5863,30
5864,20
5865,30
5866,30
5867,20
5868,30
5869,30
5870,20
5871,30
5872,20
5873,30
5874,30
5875,30
5876,30
5877,30
5878,30
5879,30
5880,20
5881,30
5882,30
5883,30
5884,30
5885,30
5886,30
5887,30
5888,30
5889,30
5890,30
5891,30
5892,20
5893,30
5894,30
5895,30
5896,20
5897,30
5898,30
5899,30
5900,30
5901,30
5902,30
5903,30
5904,30
5905,30
5906,30
5907,30
5908,30
5909,30
5910,30
5911,30
5912,20
5913,20
5914,20
5915,30
5916,30
5917,20
5918,30
5919,30
5920,30
5921,30
5922,20
5923,30
5924,20
5925,10
5926,30
5927,30
5928,30
5929,30
5930,30
5931,30
5932,30
5933,30
5934,40
5935,30
5936,30
5937,30
5938,30
5939,30
5940,30
5941,40
5942,30
5943,40
5944,30
5945,30
5946,30
5947,30
5948,30
5949,40
5950,30
5951,30
5952,30
5953,30
5954,30
5955,30
5956,30
5957,30
5958,30
5959,30
5960,30
5961,40
5962,40
5963,30
5964,40
5965,30
5966,30
5967,30
5968,30
5969,30
5970,30
5971,30
5972,30
5973,30
5974,30
5975,30
5976,30
5977,30
5978,30
5979,30
5980,20
5981,30
5982,30
5983,20
5984,30
5985,30
5986,20
5987,30
5988,30
5989,30
5990,20
5991,20
5992,20
5993,30
5994,30
5995,30
5996,30
5997,20
5998,30
5999,20
6000,20
6001,30
6002,40
6003,30
6004,30
6005,20
6006,30
6007,30
6008,30
6009,30
6010,30
6011,30
6012,30
6013,30
6014,20
6015,40
6016,30
6017,20
6018,20
6019,20
6020,20
6021,20
6022,30
6023,30
6024,30
6025,30
6026,30
6027,20
6028,30
6029,20
6030,30
6031,40
6032,20
6033,30
6034,20
6035,30
6036,30
6037,20
6038,20
6039,40
6040,20
6041,30
6042,40
6043,30
6044,30
6045,30
6046,30
6047,30
6048,30
6049,30
6050,30
6051,20
6052,40
6053,20
6054,30
6055,30
6056,30
6057,20
6058,20
6059,30
6060,20
6061,40
6062,40
6063,20
6064,30
6065,40
6066,30
6067,20
6068,20
6069,30
6070,30
6071,20
6072,30
6073,30
6074,20
6075,20
6076,20
6077,30
6078,30
6079,20
6080,30
6081,20
6082,20
6083,30
6084,40
6085,40
6086,40
6087,20
6088,20
6089,40
6090,20
6091,20
6092,30
6093,40
6094,30
6095,30
6096,40
6097,40
6098,40
6099,30
6100,30
6101,30
6102,40
6103,40
6104,30
6105,30
6106,40
6107,30
6108,30
6109,30
6110,40
6111,40
6112,40
6113,30
6114,40
6115,20
6116,40
6117,40
6118,30
6119,30
6120,30
6121,20
6122,40
6123,20
6124,20
6125,20
6126,20
6127,30
6128,20
6129,30
6130,30
6131,30
6132,40
6133,30
6134,30
6135,30
6136,20
6137,40
6138,30
6139,40
6140,20
6141,20
6142,20
6143,20
6144,30
6145,40
6146,20
6147,30
6148,30
6149,30
6150,30
6151,20
6152,40
6153,30
6154,40
6155,40
6156,30
6157,40
6158,40
6159,40
6160,30
6161,30
6162,20
6163,30
6164,20
6165,30
6166,20
6167,40
6168,40
6169,30
6170,40
6171,40
6172,30
6173,20
6174,30
6175,40
6176,40
6177,40
6178,20
6179,40
6180,40
6181,40
6182,30
6183,30
6184,30
6185,30
6186,40
6187,30
6188,40
6189,30
6190,40
6191,30
6192,20
6193,40
6194,30
6195,40
6196,30
6197,40
6198,30
6199,40
6200,30
6201,30
6202,20
6203,30
6204,30
6205,30
6206,30
6207,30
6208,40
6209,30
6210,40
6211,30
6212,20
6213,30
6214,30
6215,30
6216,20
6217,30
6218,30
6219,30
6220,30
6221,30
6222,30
6223,20
6224,40
6225,30
6226,30
6227,20
6228,30
6229,40
6230,30
6231,30
6232,10
6233,20
6234,30
6235,30
6236,30
6237,40
6238,30
6239,30
6240,30
6241,30
6242,30
6243,30
6244,30
6245,20
6246,30
6247,30
6248,30
6249,20
6250,30
6251,30
6252,20
6253,30
6254,20
6255,20
6256,20
6257,30
6258,20
6259,20
6260,20
6261,30
6262,20
6263,30
6264,40
6265,40
6266,40
6267,20
6268,30
6269,30
6270,40
6271,30
6272,30
6273,30
6274,30
6275,30
6276,30
6277,40
6278,30
6279,40
6280,30
6281,40
6282,30
6283,40
6284,20
6285,10
6286,40
6287,40
6288,30
6289,40
6290,30
6291,30
6292,30
6293,30
6294,30
6295,30
6296,30
6297,30
6298,30
6299,30
6300,20
6301,30
6302,30
6303,30
6304,20
6305,30
6306,30
6307,30
6308,40
6309,30
6310,30
6311,30
6312,30
6313,40
6314,30
6315,30
6316,30
6317,30
6318,30
6319,20
6320,30
6321,30
6322,30
6323,20
6324,30
6325,30
6326,30
6327,30
6328,40
6329,30
6330,30
6331,30
6332,30
6333,30
6334,30
6335,30
6336,40
6337,40
6338,30
6339,30
6340,30
6341,20
6342,40
6343,40
6344,30
6345,20
6346,40
6347,30
6348,40
6349,40
6350,20
6351,20
6352,40
6353,30
6354,40
6355,20
6356,30
6357,40
6358,30
6359,20
6360,30
6361,40
6362,40
6363,40
6364,30
6365,20
6366,20
6367,20
6368,20
6369,40
6370,30
6371,40
6372,30
6373,40
6374,30
6375,40
6376,30
6377,40
6378,40
6379,20
6380,30
6381,30
6382,30
6383,20
6384,30
6385,30
6386,30
6387,30
6388,30
6389,30
6390,20
6391,30
6392,30
6393,20
6394,30
6395,30
6396,30
6397,30
6398,30
6399,30
6400,30
6401,20
6402,30
6403,20
6404,30
6405,30
6406,20
6407,30
6408,30
6409,20
6410,20
6411,20
6412,40
6413,20
6414,30
6415,20
6416,30
6417,20
6418,20
6419,20
6420,20
6421,40
6422,40
6423,40
6424,40
6425,40
6426,40
6427,40
6428,40
6429,30
6430,30
6431,40
6432,20
6433,20
6434,40
6435,40
6436,40
6437,40
6438,40
6439,20
6440,20
6441,30
6442,40
6443,40
6444,40
6445,30
6446,30
6447,40
6448,30
6449,30
6450,30
6451,30
6452,30
6453,30
6454,30
6455,30
6456,30
6457,30
6458,30
6459,30
6460,30
6461,30
6462,30
6463,30
6464,30
6465,40
6466,30
6467,30
6468,40
6469,30
6470,30
6471,30
6472,30
6473,10
6474,10
6475,10
6476,10
6477,10
6478,10
6479,10
6480,10
6481,10
6482,10
6483,10
6484,10
6485,10
6486,10
6487,10
6488,10
6489,10
6490,10
6491,10
6492,10
6493,10
6494,10
6495,10
6496,10
6497,10
6498,10
6499,20
6500,30
6501,30
6502,30
6503,40
6504,40
6505,40
6506,30
6507,40
6508,40
6509,40
6510,40
6511,40
6512,40
6513,30
6514,40
6515,40
6516,40
6517,40
6518,40
6519,30
6520,40
6521,40
6522,40
6523,40
6524,30
6525,40
6526,30
6527,40
6528,30
6529,30
6530,30
6531,30
6532,40
6533,30
6534,40
6535,30
6536,40
6537,30
6538,30
6539,40
6540,30
6541,40
6542,40
6543,30
6544,30
6545,40
6546,40
6547,20
6548,40
6549,40
6550,40
6551,40
6552,40
6553,30
6554,40
6555,40
6556,40
6557,40
6558,40
6559,30
6560,30
6561,30
6562,20
6563,30
6564,30
6565,30
6566,20
6567,30
6568,30
6569,30
6570,40
6571,30
6572,30
6573,40
6574,40
6575,40
6576,40
6577,40
6578,40
6579,30
6580,30
6581,30
6582,30
6583,40
6584,40
6585,30
6586,30
6587,40
6588,30
6589,30
6590,30
6591,30
6592,20
6593,30
6594,30
6595,40
6596,40
6597,30
6598,40
6599,30
6600,30
6601,40
6602,40
6603,40
6604,40
6605,40
6606,30
6607,40
6608,30
6609,30
6610,40
6611,40
6612,40
6613,30
6614,30
6615,40
6616,40
6617,40
6618,40
6619,40
6620,40
6621,40
6622,40
6623,40
6624,40
6625,40
6626,40
6627,40
6628,30
6629,40
6630,40
6631,30
6632,30
6633,20
6634,40
6635,40
6636,40
6637,40
6638,40
6639,30
6640,40
6641,30
6642,40
6643,30
6644,40
6645,30
6646,40
6647,40
6648,40
6649,40
6650,30
6651,40
6652,30
6653,40
6654,30
6655,40
6656,30
6657,30
6658,40
6659,40
6660,20
6661,40
6662,40
6663,30
6664,40
6665,40
6666,40
6667,40
6668,40
6669,40
6670,40
6671,30
6672,30
6673,20
6674,30
6675,40
6676,40
6677,40
6678,40
6679,40
6680,40
6681,40
6682,30
6683,30
6684,20
6685,20
6686,40
6687,30
6688,40
6689,40
6690,40
6691,40
6692,30
6693,40
6694,40
6695,40
6696,40
6697,20
6698,20
6699,40
6700,40
6701,40
6702,40
6703,40
6704,40
6705,40
6706,20
6707,40
6708,40
6709,40
6710,30
6711,30
6712,30
6713,40
6714,40
6715,40
6716,40
6717,40
6718,40
6719,40
6720,40
6721,40
6722,40
6723,40
6724,40
6725,30
6726,40
6727,40
6728,40
6729,40
6730,40
6731,30
6732,40
6733,40
6734,40
6735,40
6736,30
6737,40
6738,20
6739,40
6740,40
6741,40
6742,40
6743,40
6744,40
6745,40
6746,40
6747,40
6748,40
6749,40
6750,40
6751,40
6752,40
6753,40
6754,30
6755,40
6756,30
6757,30
6758,30
6759,30
6760,40
6761,40
6762,30
6763,40
6764,30
6765,30
6766,30
6767,40
6768,30
6769,40
6770,40
6771,30
6772,40
6773,40
6774,30
6775,40
6776,40
6777,30
6778,40
6779,40
6780,40
6781,40
6782,40
6783,40
6784,40
6785,20
6786,30
6787,40
6788,40
6789,40
6790,40
6791,40
6792,40
6793,40
6794,40
6795,40
6796,40
6797,40
6798,40
6799,40
6800,20
6801,40
6802,30
6803,40
6804,30
6805,30
6806,30
6807,30
6808,30
6809,30
6810,20
6811,30
6812,30
6813,30
6814,30
6815,30
6816,30
6817,30
6818,20
6819,30
6820,30
6821,30
6822,30
6823,30
6824,30
6825,40
6826,30
6827,30
6828,30
6829,20
6830,20
6831,40
6832,40
6833,40
6834,40
6835,40
6836,40
6837,40
6838,30
6839,40
6840,40
6841,20
6842,40
6843,40
6844,40
6845,30
6846,40
6847,40
6848,40
6849,30
6850,30
6851,30
6852,40
6853,40
6854,40
6855,40
6856,40
6857,30
6858,40
6859,20
6860,30
6861,30
6862,30
6863,30
6864,40
6865,30
6866,30
6867,30
6868,40
6869,30
6870,40
6871,30
6872,30
6873,30
6874,40
6875,30
6876,40
6877,40
6878,40
6879,40
6880,30
6881,30
6882,30
6883,40
6884,40
6885,40
6886,30
6887,40
6888,40
6889,40
6890,40
6891,30
6892,30
6893,40
6894,40
6895,30
6896,40
6897,30
6898,40
6899,40
6900,30
6901,30
6902,40
6903,30
6904,40
6905,40
6906,40
6907,40
6908,40
6909,30
6910,30
6911,40
6912,30
6913,40
6914,30
6915,40
6916,40
6917,20
6918,30
6919,30
6920,40
6921,30
6922,30
6923,30
6924,20
6925,30
6926,30
6927,30
6928,40
6929,40
6930,40
6931,40
6932,40
6933,40
6934,30
6935,40
6936,40
6937,40
6938,40
6939,40
6940,40
6941,40
6942,40
6943,40
6944,40
6945,30
6946,40
6947,40
6948,40
6949,30
6950,40
6951,40
6952,30
6953,30
6954,30
6955,20
6956,20
6957,30
6958,30
6959,40
6960,40
6961,30
6962,30
6963,40
6964,40
6965,40
6966,40
6967,40
6968,40
6969,40
6970,40
6971,40
6972,40
6973,40
6974,40
6975,40
6976,40
6977,40
6978,40
6979,40
6980,30
6981,30
6982,30
6983,40
6984,40
6985,40
6986,40
6987,30
6988,40
6989,40
6990,40
6991,40
6992,40
6993,20
6994,40
6995,40
6996,40
6997,20
6998,20
6999,20
7000,40
7001,40
7002,40
7003,40
7004,40
7005,20
7006,40
7007,40
7008,30
7009,40
7010,40
7011,40
7012,40
7013,40
7014,40
7015,40
7016,40
7017,40
7018,30
7019,40
7020,20
7021,40
7022,40
7023,40
7024,40
7025,40
7026,40
7027,30
7028,40
7029,30
7030,40
7031,40
7032,40
7033,40
7034,40
7035,40
7036,40
7037,40
7038,40
7039,40
7040,40
7041,40
7042,40
7043,40
7044,40
7045,40
7046,40
7047,40
7048,40
7049,30
7050,40
7051,30
7052,40
7053,40
7054,30
7055,40
7056,40
7057,30
7058,30
7059,40
7060,30
7061,40
7062,30
7063,30
7064,30
7065,40
7066,40
7067,30
7068,40
7069,30
7070,40
7071,30
7072,40
7073,40
7074,40
7075,40
7076,40
7077,30
7078,40
7079,40
7080,30
7081,30
7082,40
7083,40
7084,30
7085,30
7086,30
7087,40
7088,30
7089,40
7090,40
7091,40
7092,30
7093,40
7094,30
7095,40
7096,40
7097,30
7098,40
7099,30
7100,40
7101,40
7102,30
7103,30
7104,40
7105,40
7106,40
7107,40
7108,30
7109,30
7110,40
7111,40
7112,40
7113,30
7114,40
7115,40
7116,40
7117,40
7118,40
7119,30
7120,30
7121,40
7122,30
7123,40
7124,30
7125,40
7126,40
7127,40
7128,40
7129,40
7130,40
7131,40
7132,30
7133,30
7134,40
7135,40
7136,30
7137,30
7138,40
7139,40
7140,40
7141,30
7142,30
7143,30
7144,30
7145,30
7146,40
7147,30
7148,40
7149,40
7150,40
7151,40
7152,40
7153,40
7154,40
7155,40
7156,40
7157,40
7158,40
7159,40
7160,40
7161,40
7162,40
7163,40
7164,40
7165,30
7166,40
7167,40
7168,40
7169,30
7170,40
7171,30
7172,30
7173,30
7174,30
7175,40
7176,30
7177,40
7178,40
7179,40
7180,30
7181,40
7182,40
7183,40
7184,40
7185,30
7186,40
7187,40
7188,40
7189,30
7190,40
7191,40
7192,40
7193,40
7194,40
7195,30
7196,40
7197,40
7198,30
7199,40
7200,40
7201,40
7202,40
7203,40
7204,40
7205,40
7206,40
7207,30
7208,40
7209,40
7210,30
7211,40
7212,40
7213,40
7214,40
7215,40
7216,40
7217,40
7218,40
7219,40
7220,30
7221,40
7222,40
7223,40
7224,40
7225,40
7226,40
7227,40
7228,40
7229,40
7230,40
7231,40
7232,40
7233,40
7234,40
7235,40
7236,40
7237,40
7238,40
7239,40
7240,30
7241,30
7242,40
7243,40
7244,30
7245,40
7246,40
7247,40
7248,30
7249,40
7250,40
7251,30
7252,30
7253,40
7254,30
7255,20
7256,10
7257,20
7258,40
7259,30
7260,40
7261,40
7262,40
7263,40
7264,40
7265,40
7266,40
7267,40
7268,30
7269,40
7270,40
7271,40
7272,40
7273,40
7274,30
7275,40
7276,40
7277,40
7278,40
7279,40
7280,40
7281,30
7282,40
7283,30
7284,40
7285,40
7286,40
7287,40
7288,30
7289,40
7290,40
7291,40
7292,30
7293,40
7294,40
7295,40
7296,30
7297,40
7298,40
7299,40
7300,40
7301,40
7302,40
7303,40
7304,40
7305,40
7306,30
7307,40
7308,40
7309,40
7310,40
7311,40
7312,40
7313,40
7314,40
7315,40
7316,40
7317,40
7318,40
7319,30
7320,40
7321,40
7322,40
7323,40
7324,30
7325,30
7326,40
7327,40
7328,40
7329,30
7330,30
7331,40
7332,40
7333,40
7334,40
7335,20
7336,30
7337,40
7338,30
7339,30
7340,40
7341,30
7342,30
7343,40
7344,30
7345,40
7346,40
7347,40
7348,40
7349,40
7350,30
7351,40
7352,40
7353,40
7354,40
7355,40
7356,40
7357,40
7358,40
7359,30
7360,30
7361,40
7362,40
7363,40
7364,30
7365,30
7366,40
7367,40
7368,40
7369,30
7370,30
7371,40
7372,40
7373,40
7374,30
7375,40
7376,40
7377,40
7378,40
7379,30
7380,40
7381,40
7382,40
7383,40
7384,40
7385,30
7386,30
7387,30
7388,40
7389,30
7390,30
7391,40
7392,40
7393,40
7394,30
7395,40
7396,40
7397,40
7398,30
7399,30
7400,40
7401,40
7402,30
7403,30
7404,30
7405,30
7406,40
7407,40
7408,40
7409,40
7410,30
7411,40
7412,30
7413,30
7414,40
7415,30
7416,40
7417,30
7418,40
7419,40
7420,40
7421,30
7422,30
7423,40
7424,40
7425,30
7426,40
7427,40
7428,40
7429,30
7430,30
7431,30
7432,40
7433,30
7434,40
7435,30
7436,30
7437,30
7438,30
7439,40
7440,40
7441,20
7442,30
7443,30
7444,40
7445,40
7446,30
7447,30
7448,30
7449,40
7450,40
7451,30
7452,30
7453,40
7454,40
7455,40
7456,40
7457,40
7458,30
7459,40
7460,40
7461,40
7462,40
7463,30
7464,30
7465,40
7466,40
7467,40
7468,30
7469,40
7470,30
7471,40
7472,40
7473,30
7474,40
7475,40
7476,40
7477,30
7478,40
7479,30
7480,40
7481,20
7482,20
7483,20
7484,20
7485,40
7486,40
7487,30
7488,40
7489,30
7490,40
7491,40
7492,40
7493,30
7494,40
7495,40
7496,30
7497,40
7498,30
7499,40
7500,40
7501,40
7502,40
7503,30
7504,30
7505,40
7506,40
7507,40
7508,40
7509,40
7510,40
7511,30
7512,30
7513,40
7514,30
7515,30
7516,40
7517,40
7518,40
7519,30
7520,30
7521,40
7522,30
7523,40
7524,40
7525,30
7526,40
7527,40
7528,30
7529,30
7530,40
7531,40
7532,40
7533,40
7534,40
7535,40
7536,40
7537,30
7538,40
7539,30
7540,40
7541,40
7542,40
7543,30
7544,30
7545,40
7546,30
7547,40
7548,40
7549,30
7550,30
7551,40
7552,40
7553,30
7554,40
7555,40
7556,30
7557,40
7558,40
7559,40
7560,40
7561,40
7562,30
7563,40
7564,30
7565,30
7566,40
7567,40
7568,40
7569,40
7570,30
7571,40
7572,30
7573,40
7574,30
7575,40
7576,20
7577,40
7578,40
7579,40
7580,40
7581,30
7582,40
7583,40
7584,30
7585,40
7586,40
7587,40
7588,40
7589,40
7590,40
7591,40
7592,40
7593,40
7594,40
7595,40
7596,40
7597,40
7598,40
7599,40
7600,40
7601,40
7602,40
7603,40
7604,40
7605,40
7606,40
7607,40
7608,40
7609,40
7610,40
7611,40
7612,40
7613,40
7614,40
7615,40
7616,40
7617,40
7618,40
7619,40
7620,40
7621,40
7622,40
7623,40
7624,40
7625,40
7626,40
7627,40
7628,40
7629,40
7630,40
7631,40
7632,40
7633,40
7634,40
7635,40
7636,40
7637,40
7638,40
7639,40
7640,40
7641,40
7642,40
7643,40
7644,40
7645,40
7646,40
7647,40
7648,40
7649,40
7650,40
7651,40
7652,40
7653,40
7654,40
7655,40
7656,40
7657,40
7658,40
7659,40
7660,40
7661,40
7662,40
7663,40
7664,40
7665,40
7666,40
7667,40
7668,40
7669,40
7670,40
7671,40
7672,40
7673,40
7674,40
7675,40
7676,40
7677,40
7678,40
7679,40
7680,40
7681,40
7682,40
7683,40
7684,40
7685,40
7686,40
7687,40
7688,40
7689,40
7690,40
7691,40
7692,40
7693,40
7694,40
7695,40
7696,40
7697,40
7698,40
7699,40
7700,40
7701,40
7702,40
7703,40
7704,40
7705,40
7706,40
7707,40
7708,40
7709,40
7710,40
7711,40
7712,40
7713,40
7714,40
7715,40
7716,40
7717,40
7718,40
7719,40
7720,40
7721,40
7722,40
7723,40
7724,40
7725,40
7726,40
7727,40
7728,40
7729,40
7730,40
7731,40
7732,40
7733,40
7734,40
7735,40
7736,40
7737,40
7738,40
7739,40
7740,40
7741,40
7742,40
7743,40
7744,40
7745,40
7746,40
7747,40
7748,40
7749,40
7750,40
7751,40
7752,40
7753,40
7754,40
7755,40
7756,40
7757,40
7758,40
7759,40
7760,40
7761,40
7762,40
7763,40
7764,40
7765,40
7766,40
7767,40
7768,40
7769,40
7770,40
7771,40
7772,40
7773,40
7774,40
7775,40
7776,40
7777,40
7778,40
7779,40
7780,40
7781,40
7782,40
7783,40
7784,40
7785,40
7786,40
7787,40
7788,40
7789,40
7790,40
7791,40
7792,40
7793,40
7794,40
7795,40
7796,40
7797,40
7798,40
7799,40
7800,40
7801,40
7802,40
7803,40
7804,40
7805,40
7806,40
7807,40
7808,40
7809,40
7810,40
7811,40
7812,40
7813,40
7814,40
7815,40
7816,40
7817,40
7818,40
7819,40
7820,40
7821,40
7822,40
7823,40
7824,40
7825,40
7826,40
7827,40
7828,40
7829,40
7830,40
7831,40
7832,40
7833,40
7834,40
7835,40
7836,40
7837,40
7838,40
7839,40
7840,40
7841,40
7842,40
7843,40
7844,40
7845,40
7846,40
7847,40
7848,40
7849,40
7850,40
7851,40
7852,40
7853,40
7854,40
7855,40
7856,40
7857,40
7858,40
7859,40
7860,40
7861,40
7862,40
7863,40
7864,40
7865,40
7866,40
7867,40
7868,40
7869,40
7870,40
7871,40
7872,40
7873,40
7874,40
7875,40
7876,40
7877,40
7878,40
7879,40
7880,40
7881,40
7882,40
7883,40
7884,40
7885,40
7886,40
7887,40
7888,40
7889,40
7890,40
7891,40
7892,40
7893,40
7894,40
7895,40
7896,40
7897,40
7898,40
7899,40
7900,40
7901,40
7902,40
7903,40
7904,40
7905,40
7906,40
7907,40
7908,40
7909,40
7910,40
7911,40
7912,40
7913,40
7914,40
7915,40
7916,40
7917,40
7918,40
7919,40
7920,40
7921,40
7922,40
7923,40
7924,40
7925,40
7926,40
7927,40
7928,40
7929,40
7930,40
7931,40
7932,40
7933,40
7934,40
7935,40
7936,40
7937,40
7938,40
7939,40
7940,40
7941,40
7942,40
7943,40
7944,40
7945,40
7946,40
7947,40
7948,40
7949,40
7950,40
7951,40
7952,40
7953,40
7954,40
7955,40
7956,40
7957,40
7958,40
7959,40
7960,40
7961,40
7962,40
7963,40
7964,40
7965,40
7966,40
7967,40
7968,40
7969,40
7970,40
7971,40
7972,40
7973,40
7974,40
7975,40
7976,40
7977,40
7978,40
7979,40
7980,40
7981,40
7982,40
7983,40
7984,40
7985,40
7986,40
7987,40
7988,40
7989,40
7990,40
7991,40
7992,40
7993,40
7994,40
7995,40
7996,40
7997,40
7998,40
7999,40
8000,40
8001,40
8002,40
8003,40
8004,40
8005,40
8006,40
8007,40
8008,40
8009,40
8010,40
8011,40
8012,40
8013,40
8014,40
8015,40
8016,40
8017,40
8018,40
8019,40
8020,40
8021,40
8022,40
8023,40
8024,40
8025,40
8026,40
8027,40
8028,40
8029,40
8030,40
8031,40
8032,40
8033,40
8034,40
8035,40
8036,40
8037,40
8038,40
8039,40
8040,40
8041,40
8042,40
8043,40
8044,40
8045,40
8046,40
8047,40
8048,40
8049,40
8050,40
8051,40
8052,40
8053,40
8054,40
8055,40
8056,40
8057,40
8058,40
8059,40
8060,40
8061,40
8062,40
8063,40
8064,40
8065,40
8066,40
8067,40
8068,40
8069,40
8070,40
8071,40
8072,40
8073,40
8074,40
8075,40
8076,40
8077,40
8078,40
8079,40
8080,40
8081,40
8082,40
8083,40
8084,40
8085,40
8086,40
8087,40
8088,40
8089,40
8090,40
8091,40
8092,40
8093,40
8094,40
8095,40
8096,40
8097,40
8098,40
8099,40
8100,40
8101,40
8102,40
8103,40
8104,40
8105,40
8106,40
8107,40
8108,40
8109,40
8110,40
8111,40
8112,40
8113,40
8114,40
8115,40
8116,40
8117,40
8118,40
8119,40
8120,40
8121,40
8122,40
8123,40
8124,40
8125,40
8126,40
8127,40
8128,40
8129,40
8130,40
8131,40
8132,40
8133,40
8134,40
8135,40
8136,40
8137,40
8138,40
8139,40
8140,40
8141,40
8142,40
8143,40
8144,40
8145,40
8146,40
8147,40
8148,40
8149,40
8150,40
8151,40
8152,40
8153,40
8154,40
8155,40
8156,40
8157,40
8158,40
8159,40
8160,40
8161,40
8162,40
8163,40
8164,40
8165,40
8166,40
8167,40
8168,40
8169,40
8170,40
8171,40
8172,40
8173,40
8174,40
8175,40
8176,40
8177,40
8178,40
8179,40
8180,40
8181,40
8182,40
8183,40
8184,40
8185,40
8186,40
8187,40
8188,40
8189,40
8190,40
8191,40
8192,40
8193,40
8194,40
8195,40
8196,40
8197,40
8198,40
8199,40
8200,40
8201,40
8202,40
8203,40
8204,40
8205,40
8206,40
8207,40
8208,40
8209,40
8210,40
8211,40
8212,40
8213,40
8214,40
8215,40
8216,40
8217,40
8218,40
8219,40
8220,40
8221,40
8222,40
8223,40
8224,40
8225,40
8226,40
8227,40
8228,40
8229,40
8230,40
8231,40
8232,40
8233,40
8234,40
8235,40
8236,40
8237,40
8238,40
8239,40
8240,40
8241,40
8242,40
8243,40
8244,40
8245,40
8246,40
8247,40
8248,40
8249,40
8250,40
8251,40
8252,40
8253,40
8254,40
8255,40
8256,40
8257,40
8258,40
8259,40
8260,40
8261,40
8262,40
8263,40
8264,40
8265,40
8266,40
8267,40
8268,40
8269,40
8270,40
8271,40
8272,40
8273,40
8274,40
8275,40
8276,40
8277,40
8278,40
8279,40
8280,40
8281,40
8282,40
8283,40
8284,40
8285,40
8286,40
8287,40
8288,40
8289,40
8290,40
8291,40
8292,40
8293,40
8294,40
8295,40
8296,40
8297,40
8298,40
8299,40
8300,40
8301,40
8302,40
8303,40
8304,40
8305,40
8306,40
8307,40
8308,40
8309,40
8310,40
8311,40
8312,40
8313,40
8314,40
8315,40
8316,40
8317,40
8318,40
8319,40
8320,40
8321,40
8322,40
8323,40
8324,40
8325,40
8326,40
8327,40
8328,40
8329,40
8330,40
8331,40
8332,40
8333,40
8334,40
8335,40
8336,40
8337,40
8338,40
8339,40
8340,40
8341,40
8342,40
8343,40
8344,40
8345,40
8346,40
8347,40
8348,40
8349,40
8350,40
8351,40
8352,40
8353,40
8354,40
8355,40
8356,40
8357,40
8358,40
8359,40
8360,40
8361,40
8362,40
8363,40
8364,40
8365,40
8366,40
8367,40
8368,40
8369,40
8370,40
8371,40
8372,40
8373,40
8374,40
8375,40
8376,40
8377,40
8378,40
8379,40
8380,40
8381,40
8382,40
8383,40
8384,40
8385,40
8386,40
8387,40
8388,40
8389,40
8390,40
8391,40
8392,40
8393,40
8394,40
8395,40
8396,40
8397,40
8398,40
8399,40
8400,40
8401,40
8402,40
8403,40
8404,40
8405,40
8406,40
8407,40
8408,40
8409,40
8410,40
8411,40
8412,40
8413,40
8414,40
8415,40
8416,40
8417,40
8418,40
8419,40
8420,40
8421,40
8422,40
8423,40
8424,40
8425,40
8426,40
8427,40
8428,40
8429,40
8430,40
8431,40
8432,40
8433,40
8434,40
8435,40
8436,40
8437,40
8438,40
8439,40
8440,40
8441,40
8442,40
8443,40
8444,40
8445,40
8446,40
8447,40
8448,40
8449,40
8450,40
8451,40
8452,40
8453,40
8454,40
8455,40
8456,40
8457,40
8458,40
8459,40
8460,40
8461,40
8462,40
8463,40
8464,40
8465,40
8466,40
8467,40
8468,40
8469,40
8470,40
8471,40
8472,40
8473,40
8474,40
8475,40
8476,40
8477,40
8478,40
8479,40
8480,40
8481,40
8482,40
8483,40
8484,40
8485,40
8486,40
8487,40
8488,40
8489,40
8490,40
8491,40
8492,40
8493,40
8494,40
8495,40
8496,40
8497,40
8498,40
8499,40
8500,40
8501,40
8502,40
8503,40
8504,40
8505,40
8506,40
8507,40
8508,40
8509,40
8510,40
8511,40
8512,40
8513,40
8514,40
8515,40
8516,40
8517,40
8518,40
8519,40
8520,40
8521,40
8522,40
8523,40
8524,40
8525,40
8526,40
8527,40
8528,40
8529,40
8530,40
8531,40
8532,40
8533,40
8534,40
8535,40
8536,40
8537,40
8538,40
8539,40
8540,40
8541,40
8542,40
8543,40
8544,40
8545,40
8546,40
8547,40
8548,40
8549,40
8550,40
8551,40
8552,40
8553,10
8554,30
8555,30
8556,30
8557,30
8558,30
8559,30
8560,30
8561,30
8562,20
8563,30
8564,30
8565,20
8566,30
8567,30
8568,30
8569,30
8570,30
8571,30
8572,30
8573,20
8574,30
8575,30
8576,30
8577,20
8578,30
8579,30
8580,30
8581,20
8582,30
8583,30
8584,30
8585,30
8586,30
8587,30
8588,30
8589,30
8590,30
8591,20
8592,30
8593,20
8594,30
8595,30
8596,20
8597,30
8598,30
8599,30
8600,30
8601,30
8602,30
8603,20
8604,30
8605,10
8606,10
8607,10
8608,10
8609,10
8610,10
8611,10
8612,10
8613,10
8614,10
8615,10
8616,10
8617,20
8618,20
8619,20
8620,10
8621,30
8622,40
8623,20
8624,30
8625,30
8626,40
8627,40
8628,20
8629,40
8630,40
8631,40
8632,40
8633,40
8634,30
8635,30
8636,40
8637,40
8638,20
8639,40
8640,30
8641,30
8642,30
8643,20
8644,30
8645,40
8646,40
8647,40
8648,30
8649,40
8650,40
8651,30
8652,40
8653,40
8654,40
8655,30
8656,40
8657,40
8658,40
8659,20
8660,40
8661,40
8662,30
8663,30
8664,40
8665,40
8666,30
8667,40
8668,40
8669,40
8670,40
8671,30
8672,40
8673,30
8674,40
8675,40
8676,40
8677,40
8678,40
8679,40
8680,40
8681,30
8682,30
8683,30
8684,40
8685,30
8686,30
8687,30
8688,40
8689,30
8690,40
8691,40
8692,40
8693,40
8694,30
8695,40
8696,40
8697,40
8698,40
8699,40
8700,40
8701,40
8702,40
8703,40
8704,40
8705,40
8706,40
8707,40
8708,40
8709,40
8710,40
8711,40
8712,40
8713,40
8714,40
8715,30
8716,30
8717,30
8718,20
8719,40
8720,40
8721,40
8722,40
8723,40
8724,30
8725,40
8726,40
8727,40
8728,40
8729,40
8730,30
8731,40
8732,40
8733,40
8734,30
8735,20
8736,40
8737,40
8738,30
8739,40
8740,40
8741,30
8742,40
8743,30
8744,30
8745,40
8746,40
8747,40
8748,40
8749,40
8750,40
8751,40
8752,30
8753,40
8754,40
8755,40
8756,40
8757,40
8758,30
8759,40
8760,40
8761,40
8762,40
8763,40
8764,40
8765,30
8766,30
8767,40
8768,40
8769,40
8770,40
8771,40
8772,30
8773,40
8774,40
8775,40
8776,40
8777,40
8778,30
8779,30
8780,20
8781,40
8782,40
8783,40
8784,30
8785,40
8786,40
8787,30
8788,30
8789,30
8790,30
8791,30
8792,20
8793,20
8794,30
8795,30
8796,40
8797,30
8798,30
8799,30
8800,20
8801,30
8802,30
8803,30
8804,30
8805,30
8806,40
8807,40
8808,30
8809,40
8810,40
8811,30
8812,40
8813,40
8814,40
8815,40
8816,40
8817,30
8818,40
8819,30
8820,40
8821,40
8822,40
8823,40
8824,40
8825,30
8826,40
8827,30
8828,20
8829,40
8830,30
8831,30
8832,30
8833,40
8834,40
8835,40
8836,30
8837,20
8838,30
8839,40
8840,20
8841,40
8842,40
8843,30
8844,40
8845,40
8846,30
8847,40
8848,40
8849,40
8850,40
8851,40
8852,40
8853,40
8854,40
8855,30
8856,40
8857,40
8858,30
8859,40
8860,40
8861,40
8862,30
8863,40
8864,40
8865,30
8866,40
8867,30
8868,40
8869,40
8870,40
8871,40
8872,30
8873,40
8874,40
8875,30
8876,40
8877,40
8878,20
8879,40
8880,30
8881,40
8882,40
8883,40
8884,40
8885,40
8886,40
8887,40
8888,40
8889,30
8890,30
8891,40
8892,30
8893,40
8894,40
8895,30
8896,40
8897,40
8898,40
8899,40
8900,40
8901,40
8902,40
8903,40
8904,30
8905,40
8906,20
8907,30
8908,40
8909,30
8910,40
8911,40
8912,30
8913,40
8914,40
8915,40
8916,40
8917,40
8918,40
8919,30
8920,40
8921,30
8922,20
8923,30
8924,40
8925,20
8926,40
8927,40
8928,40
8929,40
8930,40
8931,40
8932,40
8933,40
8934,40
8935,40
8936,40
8937,40
8938,40
8939,30
8940,40
8941,40
8942,40
8943,40
8944,40
8945,40
8946,40
8947,30
8948,40
8949,40
8950,30
8951,40
8952,40
8953,40
8954,40
8955,30
8956,40
8957,40
8958,40
8959,40
8960,40
8961,30
8962,40
8963,40
8964,30
8965,40
8966,30
8967,40
8968,40
8969,40
8970,40
8971,40
8972,30
8973,40
8974,40
8975,40
8976,40
8977,40
8978,20
8979,40
8980,40
8981,40
8982,40
8983,40
8984,40
8985,40
8986,30
8987,40
8988,20
8989,40
8990,40
8991,30
8992,40
8993,30
8994,20
8995,20
8996,30
8997,40
8998,30
8999,30
9000,30
9001,30
9002,30
9003,40
9004,40
9005,40
9006,40
9007,40
9008,40
9009,40
9010,40
9011,40
9012,40
9013,40
9014,40
9015,40
9016,40
9017,40
9018,40
9019,40
9020,40
9021,40
9022,40
9023,30
9024,40
9025,40
9026,40
9027,40
9028,20
9029,40
9030,40
9031,30
9032,40
9033,40
9034,40
9035,40
9036,40
9037,40
9038,10
9039,20
9040,40
9041,40
9042,40
9043,40
9044,40
9045,40
9046,40
9047,40
9048,40
9049,40
9050,40
9051,40
9052,40
9053,40
9054,40
9055,40
9056,40
9057,40
9058,40
9059,40
9060,40
9061,40
9062,40
9063,40
9064,40
9065,40
9066,40
9067,40
9068,40
9069,40
9070,40
9071,40
9072,40
9073,40
9074,40
9075,40
9076,40
9077,40
9078,40
9079,40
9080,40
9081,40
9082,40
9083,40
9084,40
9085,40
9086,40
9087,40
9088,40
9089,40
9090,40
9091,40
9092,40
9093,40
9094,40
9095,40
9096,40
9097,40
9098,40
9099,40
9100,40
9101,40
9102,40
9103,40
9104,40
9105,40
9106,40
9107,40
9108,40
9109,40
9110,40
9111,40
9112,40
9113,40
9114,40
9115,40
9116,40
9117,40
9118,40
9119,40
9120,40
9121,40
9122,40
9123,40
9124,40
9125,40
9126,40
9127,40
9128,40
9129,40
9130,40
9131,40
9132,40
9133,40
9134,40
9135,40
9136,40
9137,40
9138,40
9139,40
9140,40
9141,40
9142,40
9143,40
9144,40
9145,40
9146,40
9147,40
9148,40
9149,40
9150,40
9151,40
9152,40
9153,40
9154,40
9155,40
9156,40
9157,40
9158,40
9159,40
9160,40
9161,40
9162,40
9163,40
9164,40
9165,40
9166,40
9167,40
9168,40
9169,40
9170,40
9171,40
9172,40
9173,40
9174,40
9175,40
9176,40
9177,40
9178,40
9179,40
9180,40
9181,40
9182,40
9183,40
9184,40
9185,40
9186,40
9187,40
9188,40
9189,40
9190,40
9191,40
9192,40
9193,40
9194,40
9195,40
9196,40
9197,40
9198,40
9199,40
9200,40
9201,40
9202,40
9203,40
9204,40
9205,40
9206,40
9207,40
9208,40
9209,40
9210,40
9211,40
9212,40
9213,40
9214,40
9215,40
9216,40
9217,40
9218,40
9219,40
9220,40
9221,40
9222,40
9223,40
9224,40
9225,40
9226,40
9227,40
9228,40
9229,40
9230,40
9231,40
9232,40
9233,40
9234,40
9235,40
9236,40
9237,40
9238,40
9239,40
9240,40
9241,40
9242,40
9243,40
9244,40
9245,40
9246,40
9247,40
9248,40
9249,40
9250,40
9251,40
9252,40
9253,40
9254,40
9255,40
9256,40
9257,40
9258,40
9259,40
9260,40
9261,40
9262,40
9263,40
9264,40
9265,40
9266,40
9267,40
9268,40
9269,40
9270,40
9271,40
9272,40
9273,40
9274,40
9275,40
9276,40
9277,40
9278,40
9279,40
9280,40
9281,40
9282,40
9283,40
9284,40
9285,40
9286,40
9287,40
9288,40
9289,40
9290,40
9291,40
9292,40
9293,40
9294,40
9295,40
9296,40
9297,40
9298,40
9299,40
9300,40
9301,40
9302,40
9303,40
9304,40
9305,40
9306,40
9307,40
9308,40
9309,40
9310,40
9311,40
9312,40
9313,40
9314,40
9315,40
9316,40
9317,40
9318,40
9319,40
9320,40
9321,40
9322,40
9323,40
9324,40
9325,40
9326,40
9327,40
9328,40
9329,40
9330,40
9331,40
9332,40
9333,40
9334,40
9335,40
9336,40
9337,40
9338,40
9339,40
9340,40
9341,40
9342,40
9343,40
9344,40
9345,40
9346,40
9347,40
9348,40
9349,40
9350,40
9351,40
9352,40
9353,40
9354,40
9355,40
9356,40
9357,40
9358,40
9359,40
9360,40
9361,40
9362,40
9363,40
9364,40
9365,40
9366,40
9367,40
9368,40
9369,40
9370,40
9371,40
9372,40
9373,40
9374,40
9375,40
9376,40
9377,40
9378,40
9379,40
9380,40
9381,40
9382,40
9383,40
9384,40
9385,40
9386,40
9387,40
9388,40
9389,40
9390,40
9391,40
9392,40
9393,40
9394,40
9395,40
9396,40
9397,40
9398,40
9399,40
9400,40
9401,40
9402,40
9403,40
9404,40
9405,40
9406,40
9407,40
9408,40
9409,40
9410,40
9411,40
9412,40
9413,40
9414,40
9415,40
9416,40
9417,40
9418,40
9419,40
9420,40
9421,40
9422,40
9423,40
9424,40
9425,40
9426,40
9427,40
9428,40
9429,40
9430,40
9431,40
9432,40
9433,40
9434,40
9435,40
9436,40
9437,40
9438,40
9439,40
9440,40
9441,40
9442,40
9443,40
9444,40
9445,40
9446,40
9447,40
9448,40
9449,40
9450,40
9451,40
9452,40
9453,40
9454,40
9455,40
9456,40
9457,40
9458,40
9459,40
9460,40
9461,40
9462,40
9463,40
9464,40
9465,40
9466,40
9467,40
9468,40
9469,40
9470,40
9471,40
9472,40
9473,40
9474,40
9475,40
9476,40
9477,40
9478,40
9479,40
9480,40
9481,40
9482,40
9483,40
9484,40
9485,40
9486,40
9487,40
9488,40
9489,40
9490,40
9491,40
9492,40
9493,40
9494,40
9495,40
9496,40
9497,40
9498,40
9499,40
9500,40
9501,40
9502,40
9503,40
9504,40
9505,40
9506,40
9507,40
9508,40
9509,40
9510,40
9511,40
9512,40
9513,40
9514,40
9515,40
9516,40
9517,40
9518,40
9519,40
9520,40
9521,40
9522,40
9523,40
9524,40
9525,40
9526,40
9527,40
9528,40
9529,40
9530,40
9531,40
9532,40
9533,40
9534,40
9535,40
9536,40
9537,40
9538,40
9539,40
9540,40
9541,40
9542,40
9543,40
9544,40
9545,40
9546,40
9547,40
9548,40
9549,40
9550,40
9551,40
9552,40
9553,40
9554,40
9555,40
9556,40
9557,40
9558,40
9559,40
9560,40
9561,40
9562,40
9563,40
9564,40
9565,40
9566,40
9567,40
9568,40
9569,40
9570,40
9571,40
9572,40
9573,40
9574,40
9575,40
9576,40
9577,40
9578,40
9579,40
9580,40
9581,40
9582,40
9583,40
9584,40
9585,40
9586,40
9587,40
9588,40
9589,40
9590,40
9591,40
9592,40
9593,40
9594,40
9595,40
9596,40
9597,40
9598,40
9599,40
9600,40
9601,40
9602,40
9603,40
9604,40
9605,40
9606,40
9607,40
9608,40
9609,40
9610,40
9611,40
9612,40
9613,40
9614,40
9615,40
9616,40
9617,40
9618,40
9619,40
9620,40
9621,40
9622,40
9623,40
9624,40
9625,40
9626,40
9627,40
9628,40
9629,40
9630,40
9631,40
9632,40
9633,40
9634,40
9635,40
9636,40
9637,40
9638,40
9639,40
9640,40
9641,40
9642,40
9643,40
9644,40
9645,40
9646,40
9647,40
9648,40
9649,40
9650,40
9651,40
9652,40
9653,40
9654,40
9655,40
9656,40
9657,40
9658,40
9659,40
9660,40
9661,40
9662,40
9663,40
9664,40
9665,40
9666,40
9667,40
9668,40
9669,40
9670,40
9671,40
9672,40
9673,40
9674,40
9675,40
9676,40
9677,40
9678,40
9679,40
9680,40
9681,40
9682,40
9683,40
9684,40
9685,40
9686,40
9687,40
9688,40
9689,40
9690,40
9691,40
9692,40
9693,40
9694,40
9695,40
9696,40
9697,40
9698,40
9699,40
9700,40
9701,40
9702,40
9703,40
9704,40
9705,40
9706,40
9707,40
9708,40
9709,40
9710,40
9711,40
9712,40
9713,40
9714,40
9715,40
9716,40
9717,40
9718,40
9719,40
9720,40
9721,40
9722,40
9723,40
9724,40
9725,40
9726,40
9727,40
9728,40
9729,40
9730,40
9731,40
9732,40
9733,40
9734,40
9735,40
9736,40
9737,40
9738,40
9739,40
9740,40
9741,40
9742,40
9743,40
9744,40
9745,40
9746,40
9747,40
9748,40
9749,40
9750,40
9751,40
9752,40
9753,40
9754,40
9755,40
9756,40
9757,40
9758,40
9759,40
9760,40
9761,40
9762,40
9763,40
9764,40
9765,40
9766,40
9767,40
9768,40
9769,40
9770,40
9771,40
9772,40
9773,40
9774,40
9775,40
9776,40
9777,40
9778,40
9779,40
9780,40
9781,40
9782,40
9783,40
9784,40
9785,40
9786,40
9787,40
9788,40
9789,40
9790,40
9791,40
9792,40
9793,40
9794,40
9795,40
9796,40
9797,40
9798,40
9799,40
9800,40
9801,40
9802,40
9803,40
9804,40
9805,40
9806,40
9807,40
9808,40
9809,40
9810,40
9811,40
9812,40
9813,40
9814,40
9815,40
9816,40
9817,40
9818,40
9819,40
9820,40
9821,40
9822,40
9823,40
9824,40
9825,40
9826,40
9827,40
9828,40
9829,40
9830,40
9831,40
9832,40
9833,40
9834,40
9835,40
9836,40
9837,40
9838,40
9839,40
9840,40
9841,40
9842,40
9843,40
9844,10
9845,40
9846,20
9847,30
9848,30
9849,30
9850,40
9851,40
9852,30
9853,40
9854,40
9855,30
9856,30
9857,40
9858,40
9859,30
9860,40
9861,30
9862,30
9863,40
9864,40
9865,40
9866,30
9867,30
9868,40
9869,40
9870,30
9871,40
9872,40
9873,40
9874,40
9875,30
9876,40
9877,40
9878,40
9879,40
9880,40
9881,30
9882,30
9883,30
9884,40
9885,30
9886,30
9887,30
9888,40
9889,30
9890,30
9891,40
9892,40
9893,40
9894,30
9895,40
9896,40
9897,30
9898,40
9899,30
9900,30
9901,40
9902,30
9903,40
9904,40
9905,30
9906,40
9907,30
9908,40
9909,40
9910,30
9911,30
9912,30
9913,30
9914,40
9915,40
9916,40
9917,30
9918,30
9919,40
9920,20
9921,40
9922,40
9923,40
9924,40
9925,40
9926,30
9927,30
9928,40
9929,40
9930,20
9931,40
9932,40
9933,30
9934,40
9935,30
9936,30
9937,30
9938,40
9939,40
9940,30
9941,40
9942,40
9943,30
9944,40
9945,30
9946,40
9947,40
9948,30
9949,40
9950,30
9951,40
9952,40
9953,40
9954,40
9955,40
9956,30
9957,40
9958,30
9959,40
9960,40
9961,30
9962,40
9963,30
9964,40
9965,30
9966,40
9967,30
9968,30
9969,40
9970,40
9971,30
9972,40
9973,40
9974,40
9975,30
9976,40
9977,40
9978,40
9979,30
9980,30
9981,30
9982,40
9983,40
9984,30
9985,30
9986,20
9987,30
9988,30
9989,40
9990,30
9991,40
9992,40
9993,40
9994,40
9995,40
9996,30
9997,40
9998,30
9999,30
10000,40
10001,20
10002,40
10003,20
10004,40
10005,30
10006,40
10007,40
10008,40
10009,40
10010,40
10011,30
10012,30
10013,30
10014,40
10015,40
10016,30
10017,40
10018,30
10019,30
10020,30
10021,30
10022,40
10023,20
10024,40
10025,30
10026,30
10027,30
10028,30
10029,40
10030,40
10031,30
10032,30
10033,20
10034,30
10035,30
10036,40
10037,20
10038,30
10039,40
10040,30
10041,40
10042,30
10043,30
10044,40
10045,20
10046,40
10047,30
10048,20
10049,10
10050,10
10051,10
10052,10
10053,10
10054,10
10055,10
10056,10
10057,10
10058,10
10059,40
10060,20
10061,30
10062,30
10063,40
10064,40
10065,40
10066,40
10067,40
10068,40
10069,40
10070,40
10071,40
10072,40
10073,40
10074,40
10075,30
10076,40
10077,30
10078,40
10079,40
10080,40
10081,20
10082,30
10083,40
10084,40
10085,40
10086,40
10087,30
10088,30
10089,30
10090,40
10091,40
10092,40
10093,40
10094,30
10095,40
10096,30
10097,40
10098,30
10099,40
10100,30
10101,40
10102,40
10103,30
10104,40
10105,40
10106,30
10107,30
10108,40
10109,30
10110,40
10111,30
10112,40
10113,30
10114,40
10115,40
10116,40
10117,40
10118,40
10119,30
10120,40
10121,40
10122,40
10123,40
10124,40
10125,40
10126,40
10127,30
10128,40
10129,40
10130,20
10131,40
10132,30
10133,30
10134,40
10135,30
10136,30
10137,40
10138,40
10139,40
10140,40
10141,40
10142,40
10143,40
10144,30
10145,40
10146,30
10147,40
10148,40
10149,40
10150,40
10151,40
10152,40
10153,30
10154,40
10155,30
10156,40
10157,40
10158,40
10159,40
10160,40
10161,40
10162,40
10163,30
10164,40
10165,40
10166,40
10167,40
10168,40
10169,40
10170,40
10171,40
10172,40
10173,40
10174,30
10175,30
10176,20
10177,20
10178,40
10179,40
10180,30
10181,30
10182,30
10183,40
10184,40
10185,40
10186,30
10187,40
10188,40
10189,40
10190,20
10191,30
10192,40
10193,40
10194,30
10195,30
10196,40
10197,20
10198,30
10199,20
10200,40
10201,40
10202,40
10203,40
10204,40
10205,40
10206,40
10207,30
10208,40
10209,40
10210,30
10211,30
10212,30
10213,40
10214,30
10215,30
10216,30
10217,20
10218,30
10219,30
10220,40
10221,20
10222,30
10223,40
10224,30
10225,30
10226,30
10227,40
10228,40
10229,40
10230,40
10231,40
10232,30
10233,40
10234,30
10235,30
10236,20
10237,40
10238,40
10239,40
10240,40
10241,40
10242,40
10243,40
10244,40
10245,30
10246,40
10247,30
10248,40
10249,30
10250,30
10251,40
10252,40
10253,40
10254,40
10255,40
10256,40
10257,40
10258,40
10259,40
10260,40
10261,30
10262,30
10263,40
10264,30
10265,30
10266,30
10267,30
10268,30
10269,40
10270,30
10271,40
10272,40
10273,30
10274,30
10275,20
10276,30
10277,30
10278,40
10279,40
10280,40
10281,40
10282,30
10283,20
10284,30
10285,40
10286,40
10287,30
10288,30
10289,30
10290,30
10291,30
10292,40
10293,30
10294,40
10295,40
10296,30
10297,30
10298,40
10299,30
10300,40
10301,40
10302,40
10303,40
10304,20
10305,40
10306,40
10307,20
10308,30
10309,40
10310,40
10311,40
10312,40
10313,40
10314,40
10315,30
10316,30
10317,40
10318,40
10319,30
10320,40
10321,40
10322,30
10323,40
10324,30
10325,20
10326,40
10327,30
10328,30
10329,40
10330,40
10331,40
10332,40
10333,40
10334,40
10335,40
10336,40
10337,40
10338,40
10339,40
10340,40
10341,40
10342,40
10343,40
10344,40
10345,40
10346,40
10347,40
10348,40
10349,40
10350,40
10351,40
10352,40
10353,40
10354,40
10355,40
10356,40
10357,40
10358,40
10359,40
10360,40
10361,40
10362,40
10363,40
10364,40
10365,40
10366,40
10367,40
10368,40
10369,40
10370,40
10371,40
10372,40
10373,40
10374,40
10375,40
10376,40
10377,40
10378,40
10379,40
10380,40
10381,40
10382,40
10383,40
10384,40
10385,40
10386,40
10387,40
10388,40
10389,40
10390,40
10391,40
10392,40
10393,40
10394,40
10395,40
10396,40
10397,40
10398,40
10399,40
10400,40
10401,40
10402,40
10403,40
10404,40
10405,40
10406,40
10407,40
10408,40
10409,40
10410,40
10411,40
10412,40
10413,40
10414,40
10415,40
10416,40
10417,40
10418,40
10419,40
10420,40
10421,40
10422,40
10423,40
10424,40
10425,40
10426,40
10427,40
10428,40
10429,40
10430,40
10431,40
10432,40
10433,40
10434,40
10435,40
10436,40
10437,40
10438,40
10439,40
10440,40
10441,40
10442,40
10443,40
10444,40
10445,40
10446,40
10447,40
10448,40
10449,40
10450,40
10451,40
10452,40
10453,40
10454,40
10455,40
10456,40
10457,40
10458,40
10459,40
10460,40
10461,40
10462,40
10463,40
10464,40
10465,40
10466,40
10467,40
10468,40
10469,40
10470,40
10471,40
10472,40
10473,40
10474,40
10475,40
10476,40
10477,40
10478,40
10479,40
10480,40
10481,40
10482,40
10483,40
10484,40
10485,40
10486,40
10487,40
10488,40
10489,40
10490,40
10491,40
10492,40
10493,40
10494,40
10495,40
10496,40
10497,40
10498,40
10499,40
10500,40
10501,40
10502,40
10503,40
10504,40
10505,40
10506,40
10507,40
10508,40
10509,40
10510,40
10511,40
10512,40
10513,40
10514,40
10515,40
10516,40
10517,40
10518,40
10519,40
10520,40
10521,40
10522,40
10523,40
10524,40
10525,40
10526,40
10527,40
10528,40
10529,40
10530,40
10531,40
10532,40
10533,40
10534,40
10535,40
10536,40
10537,40
10538,40
10539,40
10540,40
10541,40
10542,40
10543,40
10544,40
10545,40
10546,40
10547,40
10548,40
10549,40
10550,40
10551,10
10552,20
10553,10
10554,20
10555,20
10556,20
10557,40
10558,40
10559,40
10560,40
10561,40
10562,40
10563,40
10564,40
10565,40
10566,40
10567,40
10568,40
10569,40
10570,40
10571,40
10572,40
10573,40
10574,40
10575,40
10576,40
10577,40
10578,40
10579,40
10580,40
10581,40
10582,40
10583,40
10584,40
10585,40
10586,40
10587,40
10588,40
10589,30
10590,40
10591,40
10592,40
10593,40
10594,40
10595,40
10596,40
10597,40
10598,40
10599,40
10600,40
10601,40
10602,40
10603,40
10604,40
10605,40
10606,40
10607,40
10608,40
10609,40
10610,40
10611,40
10612,40
10613,40
10614,40
10615,40
10616,40
10617,40
10618,40
10619,40
10620,40
10621,40
10622,40
10623,40
10624,40
10625,40
10626,40
10627,40
10628,40
10629,40
10630,40
10631,40
10632,40
10633,40
10634,40
10635,40
10636,40
10637,40
10638,40
10639,40
10640,40
10641,40
10642,30
10643,40
10644,30
10645,30
10646,30
10647,30
10648,30
10649,40
10650,40
10651,40
10652,30
10653,30
10654,40
10655,30
10656,30
10657,40
10658,30
10659,30
10660,30
10661,30
10662,40
10663,40
10664,20
10665,40
10666,40
10667,40
10668,40
10669,40
10670,40
10671,40
10672,40
10673,40
10674,30
10675,40
10676,40
10677,40
10678,40
10679,40
10680,40
10681,40
10682,40
10683,40
10684,40
10685,40
10686,40
10687,40
10688,40
10689,40
10690,40
10691,40
10692,40
10693,40
10694,40
10695,40
10696,40
10697,40
10698,40
10699,40
10700,40
10701,40
10702,40
10703,40
10704,30
10705,40
10706,40
10707,40
10708,40
10709,40
10710,40
10711,40
10712,30
10713,40
10714,40
10715,30
10716,40
10717,40
10718,40
10719,30
10720,40
10721,40
10722,30
10723,40
10724,40
10725,40
10726,40
10727,40
10728,30
10729,40
10730,40
10731,30
10732,30
10733,40
10734,30
10735,40
10736,40
10737,40
10738,40
10739,40
10740,40
10741,40
10742,40
10743,40
10744,40
10745,40
10746,40
10747,40
10748,40
10749,40
10750,40
10751,40
10752,40
10753,40
10754,40
10755,40
10756,40
10757,40
10758,40
10759,40
10760,40
10761,20
10762,40
10763,40
10764,40
10765,40
10766,40
10767,40
10768,30
10769,40
10770,40
10771,40
10772,40
10773,40
10774,40
10775,40
10776,40
10777,40
10778,40
10779,40
10780,40
10781,30
10782,30
10783,40
10784,40
10785,40
10786,40
10787,40
10788,40
10789,40
10790,40
10791,40
10792,40
10793,40
10794,40
10795,40
10796,40
10797,40
10798,40
10799,40
10800,40
10801,40
10802,40
10803,40
10804,40
10805,40
10806,40
10807,40
10808,40
10809,40
10810,40
10811,40
10812,40
10813,40
10814,40
10815,40
10816,40
10817,40
10818,40
10819,20
10820,40
10821,40
10822,40
10823,40
10824,40
10825,40
10826,40
10827,40
10828,40
10829,40
10830,40
10831,40
10832,40
10833,40
10834,40
10835,40
10836,40
10837,40
10838,40
10839,40
10840,40
10841,40
10842,40
10843,40
10844,40
10845,30
10846,40
10847,40
10848,20
10849,40
10850,40
10851,40
10852,40
10853,40
10854,40
10855,20
10856,40
10857,40
10858,40
10859,40
10860,40
10861,40
10862,40
10863,40
10864,40
10865,20
10866,40
10867,40
10868,40
10869,40
10870,40
10871,30
10872,40
10873,40
10874,40
10875,40
10876,20
10877,20
10878,30
10879,40
10880,20
10881,40
10882,40
10883,40
10884,40
10885,40
10886,40
10887,40
10888,40
10889,40
10890,40
10891,30
10892,40
10893,30
10894,40
10895,40
10896,40
10897,40
10898,40
10899,30
10900,40
10901,40
10902,40
10903,40
10904,40
10905,30
10906,40
10907,40
10908,40
10909,40
10910,40
10911,40
10912,20
10913,30
10914,40
10915,40
10916,40
10917,40
10918,40
10919,40
10920,40
10921,30
10922,40
10923,40
10924,40
10925,40
10926,30
10927,40
10928,40
10929,40
10930,40
10931,40
10932,40
10933,40
10934,40
10935,40
10936,40
10937,40
10938,40
10939,30
10940,40
10941,40
10942,40
10943,40
10944,30
10945,40
10946,40
10947,40
10948,40
10949,40
10950,30
10951,40
10952,40
10953,30
10954,40
10955,40
10956,40
10957,40
10958,40
10959,40
10960,40
10961,40
10962,40
10963,40
10964,40
10965,40
10966,40
10967,40
10968,30
10969,40
10970,40
10971,40
10972,40
10973,40
10974,40
10975,40
10976,40
10977,40
10978,40
10979,40
10980,30
10981,30
10982,40
10983,40
10984,40
10985,40
10986,40
10987,30
10988,30
10989,40
10990,40
10991,40
10992,40
10993,30
10994,40
10995,40
10996,30
10997,40
10998,40
10999,40
11000,40
11001,40
11002,40
11003,40
11004,40
11005,40
11006,40
11007,40
11008,40
11009,40
11010,40
11011,40
11012,40
11013,40
11014,40
11015,30
11016,40
11017,40
11018,40
11019,40
11020,40
11021,40
11022,40
11023,30
11024,40
11025,40
11026,40
11027,40
11028,40
11029,40
11030,40
11031,40
11032,30
11033,40
11034,40
11035,30
11036,40
11037,40
11038,40
11039,30
11040,40
11041,40
11042,40
11043,40
11044,40
11045,40
11046,40
11047,40
11048,40
11049,40
11050,40
11051,40
11052,20
11053,40
11054,40
11055,40
11056,40
11057,40
11058,40
11059,40
11060,40
11061,40
11062,40
11063,40
11064,40
11065,40
11066,40
11067,40
11068,40
11069,40
11070,40
11071,30
11072,20
11073,40
11074,40
11075,40
11076,40
11077,40
11078,40
11079,40
11080,40
11081,40
11082,40
11083,40
11084,40
11085,40
11086,40
11087,40
11088,40
11089,20
11090,40
11091,40
11092,40
11093,20
11094,40
11095,30
11096,40
11097,40
11098,40
11099,40
11100,30
11101,40
11102,40
11103,40
11104,40
11105,40
11106,40
11107,40
11108,40
11109,40
11110,40
11111,40
11112,40
11113,40
11114,40
11115,40
11116,40
11117,40
11118,40
11119,40
11120,40
11121,40
11122,40
11123,40
11124,40
11125,40
11126,40
11127,40
11128,40
11129,40
11130,40
11131,40
11132,40
11133,40
11134,40
11135,40
11136,40
11137,40
11138,40
11139,40
11140,40
11141,40
11142,40
11143,40
11144,40
11145,40
11146,40
11147,40
11148,40
11149,40
11150,40
11151,40
11152,40
11153,40
11154,40
11155,40
11156,40
11157,40
11158,40
11159,40
11160,40
11161,40
11162,40
11163,40
11164,40
11165,40
11166,40
11167,40
11168,40
11169,40
11170,40
11171,30
11172,40
11173,30
11174,40
11175,30
11176,40
11177,40
11178,40
11179,40
11180,20
11181,40
11182,40
11183,40
11184,40
11185,40
11186,40
11187,30
11188,40
11189,40
11190,40
11191,40
11192,40
11193,40
11194,40
11195,40
11196,40
11197,40
11198,40
11199,40
11200,40
11201,40
11202,40
11203,40
11204,40
11205,40
11206,40
11207,40
11208,40
11209,40
11210,40
11211,20
11212,20
11213,40
11214,40
11215,40
11216,40
11217,40
11218,40
11219,40
11220,40
11221,40
11222,30
11223,30
11224,30
11225,40
11226,30
11227,40
11228,30
11229,30
11230,40
11231,40
11232,40
11233,30
11234,40
11235,40
11236,40
11237,30
11238,30
11239,40
11240,40
11241,40
11242,30
11243,30
11244,40
11245,40
11246,40
11247,30
11248,40
11249,40
11250,30
11251,30
11252,40
11253,40
11254,30
11255,40
11256,30
11257,30
11258,40
11259,40
11260,40
11261,40
11262,40
11263,30
11264,40
11265,40
11266,30
11267,30
11268,40
11269,40
11270,30
11271,30
11272,40
11273,30
11274,40
11275,40
11276,40
11277,30
11278,40
11279,30
11280,40
11281,40
11282,30
11283,40
11284,30
11285,40
11286,40
11287,40
11288,30
11289,30
11290,30
11291,30
11292,30
11293,40
11294,40
11295,30
11296,40
11297,30
11298,30
11299,40
11300,30
11301,40
11302,30
11303,30
11304,40
11305,40
11306,40
11307,40
11308,30
11309,40
11310,40
11311,40
11312,30
11313,30
11314,30
11315,40
11316,40
11317,40
11318,40
11319,40
11320,40
11321,40
11322,40
11323,40
11324,40
11325,40
11326,40
11327,40
11328,40
11329,40
11330,40
11331,40
11332,40
11333,40
11334,40
11335,40
11336,40
11337,40
11338,40
11339,40
11340,40
11341,30
11342,40
11343,40
11344,40
11345,30
11346,30
11347,40
11348,40
11349,40
11350,40
11351,40
11352,40
11353,40
11354,30
11355,40
11356,40
11357,40
11358,40
11359,40
11360,40
11361,40
11362,40
11363,40
11364,30
11365,40
11366,40
11367,40
11368,40
11369,40
11370,30
11371,40
11372,40
11373,40
11374,40
11375,40
11376,30
11377,40
11378,40
11379,40
11380,40
11381,40
11382,40
11383,40
11384,40
11385,40
11386,40
11387,40
11388,40
11389,40
11390,40
11391,40
11392,40
11393,40
11394,40
11395,40
11396,40
11397,40
11398,40
11399,40
11400,30
11401,40
11402,40
11403,40
11404,20
11405,40
11406,40
11407,40
11408,40
11409,40
11410,40
11411,40
11412,40
11413,40
11414,40
11415,40
11416,40
11417,30
11418,40
11419,40
11420,40
11421,40
11422,40
11423,40
11424,40
11425,40
11426,20
11427,40
11428,40
11429,40
11430,40
11431,40
11432,40
11433,40
11434,40
11435,40
11436,40
11437,40
11438,40
11439,40
11440,40
11441,40
11442,30
11443,30
11444,40
11445,40
11446,40
11447,40
11448,40
11449,30
11450,40
11451,40
11452,40
11453,20
11454,40
11455,40
11456,40
11457,40
11458,40
11459,40
11460,40
11461,40
11462,40
11463,30
11464,40
11465,40
11466,40
11467,30
11468,40
11469,40
11470,40
11471,40
11472,40
11473,40
11474,40
11475,40
11476,40
11477,30
11478,40
11479,30
11480,40
11481,30
11482,40
11483,40
11484,30
11485,40
11486,40
11487,40
11488,40
11489,40
11490,40
11491,40
11492,40
11493,40
11494,40
11495,40
11496,40
11497,40
11498,40
11499,40
11500,40
11501,40
11502,40
11503,40
11504,40
11505,40
11506,40
11507,40
11508,40
11509,40
11510,40
11511,40
11512,40
11513,40
11514,40
11515,40
11516,40
11517,40
11518,40
11519,40
11520,40
11521,40
11522,40
11523,40
11524,40
11525,40
11526,40
11527,40
11528,40
11529,40
11530,40
11531,40
11532,40
11533,40
11534,40
11535,40
11536,40
11537,40
11538,40
11539,40
11540,40
11541,40
11542,40
11543,40
11544,40
11545,40
11546,40
11547,40
11548,40
11549,40
11550,40
11551,40
11552,40
11553,40
11554,40
11555,40
11556,40
11557,40
11558,40
11559,40
11560,40
11561,40
11562,40
11563,40
11564,40
11565,40
11566,40
11567,40
11568,40
11569,40
11570,40
11571,40
11572,40
11573,40
11574,40
11575,40
11576,40
11577,40
11578,40
11579,40
11580,40
11581,40
11582,40
11583,40
11584,40
11585,40
11586,40
11587,40
11588,40
11589,40
11590,40
11591,40
11592,40
11593,40
11594,40
11595,40
11596,40
11597,40
11598,40
11599,40
11600,40
11601,40
11602,40
11603,40
11604,40
11605,40
11606,40
11607,40
11608,40
11609,40
11610,40
11611,40
11612,40
11613,40
11614,40
11615,40
11616,40
11617,40
11618,40
11619,40
11620,40
11621,40
11622,40
11623,40
11624,40
11625,40
11626,40
11627,40
11628,40
11629,40
11630,40
11631,40
11632,40
11633,40
11634,40
11635,40
11636,40
11637,40
11638,40
11639,40
11640,40
11641,40
11642,40
11643,40
11644,40
11645,40
11646,40
11647,40
11648,40
11649,40
11650,40
11651,40
11652,40
11653,40
11654,40
11655,40
11656,40
11657,40
11658,40
11659,40
11660,40
11661,40
11662,40
11663,40
11664,40
11665,40
11666,40
11667,40
11668,40
11669,40
11670,40
11671,40
11672,40
11673,40
11674,40
11675,40
11676,40
11677,40
11678,40
11679,40
11680,40
11681,40
11682,40
11683,40
11684,40
11685,40
11686,40
11687,40
11688,40
11689,40
11690,40
11691,40
11692,40
11693,40
11694,40
11695,40
11696,40
11697,40
11698,40
11699,40
11700,40
11701,40
11702,40
11703,40
11704,40
11705,40
11706,40
11707,40
11708,40
11709,40
11710,40
11711,40
11712,40
11713,40
11714,40
11715,40
11716,40
11717,40
